Begin Time - hh:mm:ss.ms,Begin Time - ss.msec,Begin Time - msec,Begin Time - PAL,End Time - hh:mm:ss.ms,End Time - ss.msec,End Time - msec,End Time - PAL,Duration - hh:mm:ss.ms,Duration - ss.msec,Duration - msec,Duration - PAL,ESP Epifania Sahinos Pérez / APG Areli Ponce García,Transcription,Traducción,Tokenization,Surface Segmentation,Canonical Segmentation,Surface Glossing,Canonical Glossing,Notes
0:00:00,0,0,00:00:00:00,0:00:04,4.38,4380,00:00:04:09,0:00:04,4.38,4380,00:00:04:09,APG,Wa: iyma: n tlanka:liya nali:qalhchiwi:nana:'wi kini iyma:,En estos momentos hablaremos de,,,,,,
0:00:00,0,0,00:00:00:00,0:00:01,0.625,625,00:00:00:15,0:00:01,0.625,625,00:00:00:15,,,,wa:,wa:,wa:,FOC,FOC,
0:00:01,0.625,625,00:00:00:15,0:00:01,1.251,1251,00:00:01:06,0:00:01,0.626,626,00:00:00:15,,,,iyma:,iyma:,iyma:,DEM,DEM,
0:00:01,1.251,1251,00:00:01:06,0:00:02,1.877,1877,00:00:01:21,0:00:01,0.626,626,00:00:00:15,,,,n,n,n,EPEN,EPEN,
0:00:02,1.877,1877,00:00:01:21,0:00:03,2.502,2502,00:00:02:12,0:00:01,0.625,625,00:00:00:15,,,,tlanka:liya,tlanka:liya,tlanka:liyah,moment,moment,
0:00:03,2.502,2502,00:00:02:12,0:00:03,3.128,3128,00:00:03:03,0:00:01,0.626,626,00:00:00:15,,,,nali:qalhchiwi:nana:'wi,na-li:-qalh-chiwi:-nan-a:'-w-i,na-li:-qalh-chiwi:-nan-a:'-'w,FUT-INS-mouth-V.talk-INDEF-ANTIP-IPFV-1SBJ.PL-JNCT,FUT-INS-mouth-V.talk-INDEF-ANTIP-IPFV-1SBJ.PL,
0:00:03,3.128,3128,00:00:03:03,0:00:04,3.754,3754,00:00:03:18,0:00:01,0.626,626,00:00:00:15,,,,kini,kin-i,kin,PRN.1SBJ.PL-JNCT,PRN.1SBJ.PL,
0:00:04,3.754,3754,00:00:03:18,0:00:04,4.38,4380,00:00:04:09,0:00:01,0.626,626,00:00:00:15,,,,iyma:,iyma:,iyma:,DEM,DEM,
0:00:04,4.38,4380,00:00:04:09,0:00:06,6.212,6212,00:00:06:05,0:00:02,1.832,1832,00:00:01:20,APG,iyma: n tawá:'n usa,esta hierba o,,,,,,
0:00:04,4.38,4380,00:00:04:09,0:00:05,4.838,4838,00:00:04:20,0:00:00,0.458,458,00:00:00:11,,,,iyma:,iyma:,iyma:,DEM,DEM,
0:00:05,4.838,4838,00:00:04:20,0:00:05,5.296,5296,00:00:05:07,0:00:00,0.458,458,00:00:00:11,,,,n,n,n,EPEN,EPEN,
0:00:05,5.296,5296,00:00:05:07,0:00:06,5.754,5754,00:00:05:18,0:00:00,0.458,458,00:00:00:11,,,,tawá:'n,tawá:'n,tawá:'n,plant,plant,
0:00:06,5.754,5754,00:00:05:18,0:00:06,6.212,6212,00:00:06:05,0:00:00,0.458,458,00:00:00:11,,,,usa,usa,usa,INTJ,INTJ,
0:00:06,6.212,6212,00:00:06:05,0:00:08,7.921,7921,00:00:07:23,0:00:02,1.709,1709,00:00:01:17,APG,ki'wi iyma: wanikani li:wa:pan.,árbol que llaman li:wa:pan (Heliconia spp.).,,,,,,
0:00:06,6.212,6212,00:00:06:05,0:00:07,6.639,6639,00:00:06:15,0:00:00,0.427,427,00:00:00:10,,,,ki'wi,ki'wi,ki'wi',tree,tree,
0:00:07,6.639,6639,00:00:06:15,0:00:07,7.066,7066,00:00:07:01,0:00:00,0.427,427,00:00:00:10,,,,iyma:,iyma:,iyma:,DEM,DEM,
0:00:07,7.066,7066,00:00:07:01,0:00:07,7.493,7493,00:00:07:12,0:00:00,0.427,427,00:00:00:10,,,,wanikani,wa-ni-kan-i,wan-ni-kan,V.say-DAT-REFL-JNCT [3SBJ.SG PRES IPFV],V.say-DAT-REFL [3SBJ.SG PRES IPFV],
0:00:07,7.493,7493,00:00:07:12,0:00:08,7.921,7921,00:00:07:23,0:00:00,0.428,428,00:00:00:10,,,,li:wa:pan,li:wa:pan,li:wa:pan,Heliconia.schiedeana,Heliconia.schiedeana,
0:00:08,7.921,7921,00:00:07:23,0:00:09,9.345,9345,00:00:09:08,0:00:01,1.424,1424,00:00:01:10,APG,Nixkatsi wixi n pala na: laqapasa'.,¿No sé si lo conoces?,,,,,,
0:00:08,7.921,7921,00:00:07:23,0:00:08,8.158,8158,00:00:08:03,0:00:00,0.237,237,00:00:00:05,,,,nixkatsi,ni-x-kats-i,ni-x-kats,NEG-???-V.know-JNCT,NEG-???-V.know,
0:00:08,8.158,8158,00:00:08:03,0:00:08,8.395,8395,00:00:08:09,0:00:00,0.237,237,00:00:00:05,,,,wixi,wix-i,wix,PRN.2SBJ.SG-JNCT,PRN.2SBJ.SG,
0:00:08,8.395,8395,00:00:08:09,0:00:09,8.633,8633,00:00:08:15,0:00:00,0.238,238,00:00:00:05,,,,n,n,n,EPEN,EPEN,
0:00:09,8.633,8633,00:00:08:15,0:00:09,8.87,8870,00:00:08:21,0:00:00,0.237,237,00:00:00:05,,,,pala,pala,pala,CONJ,CONJ,
0:00:09,8.87,8870,00:00:08:21,0:00:09,9.107,9107,00:00:09:02,0:00:00,0.237,237,00:00:00:05,,,,na:,na:,na:,aslo,also,
0:00:09,9.107,9107,00:00:09:02,0:00:09,9.345,9345,00:00:09:08,0:00:00,0.238,238,00:00:00:05,,,,laqapasa',laqapas-a-',laqapas-a:'-',V.recognize-IPFV-2SBJ.SG [PRES],V.recognize-IPFV-2SBJ.SG [PRES],
0:00:09,9.345,9345,00:00:09:08,0:00:12,11.697,11697,00:00:11:17,0:00:02,2.352,2352,00:00:02:08,ESP,"Xli:ka:na n ti: kilhwampa:'t, na: klaqapasa n kit,","Lo que dices es verdad, también lo conozco,",,,,,,
0:00:09,9.345,9345,00:00:09:08,0:00:10,9.639,9639,00:00:09:15,0:00:00,0.294,294,00:00:00:07,,,,xli:ka:na,xli:ka:na,xli:ka:nah,true,true,
0:00:10,9.639,9639,00:00:09:15,0:00:10,9.933,9933,00:00:09:23,0:00:00,0.294,294,00:00:00:07,,,,n,n,n,EPEN,EPEN,
0:00:10,9.933,9933,00:00:09:23,0:00:10,10.227,10227,00:00:10:05,0:00:00,0.294,294,00:00:00:07,,,,ti:,ti:,ti:,HREL,HREL,
0:00:10,10.227,10227,00:00:10:05,0:00:11,10.521,10521,00:00:10:13,0:00:00,0.294,294,00:00:00:07,,,,kilhwampa:'t,kilh-wám-pa:'-t,kilh.wan-pa:'-t,mouth-V.say-PROG.2SBJ-2SBJ.SG,mouth-V.say-PROG.2SBJ-2SBJ.SG,
0:00:11,10.521,10521,00:00:10:13,0:00:11,10.815,10815,00:00:10:20,0:00:00,0.294,294,00:00:00:07,,,,na:,na:,na:,aslo,also,
0:00:11,10.815,10815,00:00:10:20,0:00:11,11.109,11109,00:00:11:02,0:00:00,0.294,294,00:00:00:07,,,,klaqapasa,k-laqapas-a,k-laqapas-a:',1SBJ.SG-V.recognize-IPFV,1SBJ.SG-V.recognize-IPFV,
0:00:11,11.109,11109,00:00:11:02,0:00:11,11.403,11403,00:00:11:10,0:00:00,0.294,294,00:00:00:07,,,,n,n,n,EPEN,EPEN,
0:00:11,11.403,11403,00:00:11:10,0:00:12,11.697,11697,00:00:11:17,0:00:00,0.294,294,00:00:00:07,,,,kit,kit,kit,PRN.1SBJ.SG,PRN.1SBJ.SG,
0:00:12,11.697,11697,00:00:11:17,0:00:14,14.095,14095,00:00:14:02,0:00:02,2.398,2398,00:00:02:09,ESP,ananqó:' xa n chu: lakatsaní:n ma:,crece en los alrededores este,,,,,,
0:00:12,11.697,11697,00:00:11:17,0:00:12,12.096,12096,00:00:12:02,0:00:00,0.399,399,00:00:00:09,,,,ananqó:',anan-qó:',anan-qó:'-a:',V.exist-3PL [PRES IPFV],V.exist-3PL-IPFV [PRES],
0:00:12,12.096,12096,00:00:12:02,0:00:12,12.496,12496,00:00:12:12,0:00:00,0.4,400,00:00:00:10,,,,xa,xa,xa',PRN.3SBJ.SG,PRN.3SBJ.SG,
0:00:12,12.496,12496,00:00:12:12,0:00:13,12.896,12896,00:00:12:22,0:00:00,0.4,400,00:00:00:10,,,,n,n,n,EPEN,EPEN,
0:00:13,12.896,12896,00:00:12:22,0:00:13,13.295,13295,00:00:13:07,0:00:00,0.399,399,00:00:00:09,,,,chu:,chu:,chu:,PTCL,PTCL,
0:00:13,13.295,13295,00:00:13:07,0:00:14,13.695,13695,00:00:13:17,0:00:00,0.4,400,00:00:00:10,,,,lakatsaní:n,laka-tsa-n-í:n,laka-tsu:'w-n-in,face-small-NMLZ-PL,face-small-NMLZ-PL,
0:00:14,13.695,13695,00:00:13:17,0:00:14,14.095,14095,00:00:14:02,0:00:00,0.4,400,00:00:00:10,,,,ma:,ma:,ma:,TAG,TAG,
0:00:14,14.095,14095,00:00:14:02,0:00:18,17.644,17644,00:00:17:16,0:00:04,3.549,3549,00:00:03:13,ESP,"li:wa:pan, na: katu:wa n tu: li:maklakaskinkán.","li:wa:pan, también se usa para varias cosas.",,,,,,
0:00:14,14.095,14095,00:00:14:02,0:00:15,14.686,14686,00:00:14:17,0:00:01,0.591,591,00:00:00:14,,,,li:wa:pan,li:wa:pan,li:wa:pan,Heliconia.schiedeana,Heliconia.schiedeana,
0:00:15,14.686,14686,00:00:14:17,0:00:15,15.278,15278,00:00:15:06,0:00:01,0.592,592,00:00:00:14,,,,na:,na:,na:,aslo,also,
0:00:15,15.278,15278,00:00:15:06,0:00:16,15.869,15869,00:00:15:21,0:00:01,0.591,591,00:00:00:14,,,,katu:wa,katu:wa,katu:wah,many,many,
0:00:16,15.869,15869,00:00:15:21,0:00:16,16.461,16461,00:00:16:11,0:00:01,0.592,592,00:00:00:14,,,,n,n,n,EPEN,EPEN,
0:00:16,16.461,16461,00:00:16:11,0:00:17,17.052,17052,00:00:17:01,0:00:01,0.591,591,00:00:00:14,,,,tu:,tu:,tu:,NREL,NREL,
0:00:17,17.052,17052,00:00:17:01,0:00:18,17.644,17644,00:00:17:16,0:00:01,0.592,592,00:00:00:14,,,,li:maklakaskinkán,li:-mak-lakaskin-kán,li-mak-lakaskin-kan,INS-body-V.use-INDEF,INS-body-V.use-INDEF,
0:00:18,17.644,17644,00:00:17:16,0:00:22,21.694,21694,00:00:21:17,0:00:04,4.05,4050,00:00:04:01,APG,"Xli:ka:na nayi kilhwampa:'t, wa: iyma: xa..., xatawaka't usa xaxánati iyma:","Es cierto lo que dices, los frutos o flores",,,,,,
0:00:18,17.644,17644,00:00:17:16,0:00:18,18.049,18049,00:00:18:01,0:00:00,0.405,405,00:00:00:10,,,,xli:ka:na,xli:ka:na,xli:ka:nah,true,true,
0:00:18,18.049,18049,00:00:18:01,0:00:18,18.454,18454,00:00:18:11,0:00:00,0.405,405,00:00:00:10,,,,nayi,nayi,nayi,as,as,
0:00:18,18.454,18454,00:00:18:11,0:00:19,18.859,18859,00:00:18:21,0:00:00,0.405,405,00:00:00:10,,,,kilhwampa:'t,kilh-wám-pa:'-t,kilh.wan-pa:'-t,mouth-V.say-PROG.2SBJ-2SBJ.SG,mouth-V.say-PROG.2SBJ-2SBJ.SG,
0:00:19,18.859,18859,00:00:18:21,0:00:19,19.264,19264,00:00:19:06,0:00:00,0.405,405,00:00:00:10,,,,wa:,wa:,wa:,FOC,FOC,
0:00:19,19.264,19264,00:00:19:06,0:00:20,19.669,19669,00:00:19:16,0:00:00,0.405,405,00:00:00:10,,,,iyma:,iyma:,iyma:,DEM,DEM,
0:00:20,19.669,19669,00:00:19:16,0:00:20,20.074,20074,00:00:20:01,0:00:00,0.405,405,00:00:00:10,,,,"xa...,",xa-[FS],xa-[FS],DEF-[FS],DEF-[FS],
0:00:20,20.074,20074,00:00:20:01,0:00:20,20.479,20479,00:00:20:11,0:00:00,0.405,405,00:00:00:10,,,,xatawaka't,xa-tawaka't,xa-tawaka't,DEF-fruit,DEF-fruit,
0:00:20,20.479,20479,00:00:20:11,0:00:21,20.884,20884,00:00:20:22,0:00:00,0.405,405,00:00:00:10,,,,usa,usa,usa,INTJ,INTJ,
0:00:21,20.884,20884,00:00:20:22,0:00:21,21.289,21289,00:00:21:07,0:00:00,0.405,405,00:00:00:10,,,,xaxánati,xa-xánat-i,xa-xanat,DEF-flower-JNCT,DEF-flower,
0:00:21,21.289,21289,00:00:21:07,0:00:22,21.694,21694,00:00:21:17,0:00:00,0.405,405,00:00:00:10,,,,iyma:,iyma:,iyma:,DEM,DEM,
0:00:22,21.694,21694,00:00:21:17,0:00:23,23.094,23094,00:00:23:02,0:00:01,1.4,1400,00:00:01:10,APG,n tawa:'ni aqsamá:'w,de esta hierba de la que hablamos,,,,,,
0:00:22,21.694,21694,00:00:21:17,0:00:22,22.16,22160,00:00:22:04,0:00:00,0.466,466,00:00:00:11,,,,n,n,n,EPEN,EPEN,
0:00:22,22.16,22160,00:00:22:04,0:00:23,22.627,22627,00:00:22:15,0:00:00,0.467,467,00:00:00:11,,,,tawa:'ni,tawa:'n-i,tawa:'n,plant-JNCT,plant,
0:00:23,22.627,22627,00:00:22:15,0:00:23,23.094,23094,00:00:23:02,0:00:00,0.467,467,00:00:00:11,,,,aqsamá:'w,aqsa-má:'-w,aqsan-ma:'-'w,V.mention-PROG-1SBJ.PL [PRES],V.mention-PROG-1SBJ.PL [PRES],
0:00:23,23.094,23094,00:00:23:02,0:00:26,25.843,25843,00:00:25:21,0:00:03,2.749,2749,00:00:02:18,APG,pus lu:lakaskinqo:'yi iyma: n *católicos**i,son muy utilizados por los católicos,,,,,,
0:00:23,23.094,23094,00:00:23:02,0:00:24,23.643,23643,00:00:23:16,0:00:01,0.549,549,00:00:00:13,,,,pus,pus,pus,INTJ,INTJ,
0:00:24,23.643,23643,00:00:23:16,0:00:24,24.193,24193,00:00:24:04,0:00:01,0.55,550,00:00:00:13,,,,lu:lakaskinqo:'yi,lu:-lakaskin-qo:'-y-i,lu:-lakaskin-qo:'-a:',INTNS-V.use-3PL-IPFV-JNCT [PRES],INTNS-V.use-3PL-IPFV [PRES],
0:00:24,24.193,24193,00:00:24:04,0:00:25,24.743,24743,00:00:24:18,0:00:01,0.55,550,00:00:00:13,,,,iyma:,iyma:,iyma:,DEM,DEM,
0:00:25,24.743,24743,00:00:24:18,0:00:25,25.293,25293,00:00:25:07,0:00:01,0.55,550,00:00:00:13,,,,n,n,n,EPEN,EPEN,
0:00:25,25.293,25293,00:00:25:07,0:00:26,25.843,25843,00:00:25:21,0:00:01,0.55,550,00:00:00:13,,,,*católicos**i,católicos-i,católicos,catholics-JNCT,catholics,
0:00:26,25.843,25843,00:00:25:21,0:00:30,30.398,30398,00:00:30:09,0:00:05,4.555,4555,00:00:04:13,APG,"li:kaxtlawananqó:'y, li:kaxtlawananqó:' xa n pala kxchijkán, kxma:lakchakán,","para adornar, lo usan para adornar sus casa o puertas,",,,,,,
0:00:26,25.843,25843,00:00:25:21,0:00:26,26.493,26493,00:00:26:12,0:00:01,0.65,650,00:00:00:16,,,,li:kaxtlawananqó:'y,#N/A,#N/A,#N/A,#N/A,#N/A
0:00:26,26.493,26493,00:00:26:12,0:00:27,27.144,27144,00:00:27:03,0:00:01,0.651,651,00:00:00:16,,,,li:kaxtlawananqó:' ,#N/A,#N/A,#N/A,#N/A,#N/A
0:00:27,27.144,27144,00:00:27:03,0:00:28,27.795,27795,00:00:27:19,0:00:01,0.651,651,00:00:00:16,,,,xa,xa,xa',PRN.3SBJ.SG,PRN.3SBJ.SG,
0:00:28,27.795,27795,00:00:27:19,0:00:28,28.445,28445,00:00:28:11,0:00:01,0.65,650,00:00:00:16,,,,n,n,n,EPEN,EPEN,
0:00:28,28.445,28445,00:00:28:11,0:00:29,29.096,29096,00:00:29:02,0:00:01,0.651,651,00:00:00:16,,,,pala,pala,pala,CONJ,CONJ,
0:00:29,29.096,29096,00:00:29:02,0:00:30,29.747,29747,00:00:29:18,0:00:01,0.651,651,00:00:00:16,,,,kxchijkán,k-x-chij-kán,k-x-chik-kan,LOC-3POSS-house-PL.POSS,LOC-3POSS-house-PL.POSS,
0:00:30,29.747,29747,00:00:29:18,0:00:30,30.398,30398,00:00:30:09,0:00:01,0.651,651,00:00:00:16,,,,kxma:lakchakán,k-x-ma:lakcha-kán,k-x-ma:lakch-kan,LOC-3POSS-door-PL.POSS,LOC-3POSS-door-PL.POSS,
0:00:30,30.398,30398,00:00:30:09,0:00:33,33.224,33224,00:00:33:05,0:00:03,2.826,2826,00:00:02:20,APG,wa: xlakani lu:laqati:qó:' li:kaxtlawananqó:'y,les agrada mucho adornar con esto,,,,,,
0:00:30,30.398,30398,00:00:30:09,0:00:31,31.104,31104,00:00:31:02,0:00:01,0.706,706,00:00:00:17,,,,wa:,wa:,wa:,FOC,FOC,
0:00:31,31.104,31104,00:00:31:02,0:00:32,31.811,31811,00:00:31:20,0:00:01,0.707,707,00:00:00:17,,,,xlakani,xlakan-i,xlakan,PRN.3SBJ.PL-JNCT,PRN.3SBJ.PL,
0:00:32,31.811,31811,00:00:31:20,0:00:33,32.517,32517,00:00:32:12,0:00:01,0.706,706,00:00:00:17,,,,lu:laqati:qó:',lu-laqati:-qo:',lu-laqati:-qo:'-a:',INTNS-V.like-3PL [PRES IPFV],INTNS-V.like-3PL-IPFV [PRES],
0:00:33,32.517,32517,00:00:32:12,0:00:33,33.224,33224,00:00:33:05,0:00:01,0.707,707,00:00:00:17,,,,li:kaxtlawananqó:'y,#N/A,#N/A,#N/A,#N/A,#N/A
0:00:33,33.224,33224,00:00:33:05,0:00:35,34.928,34928,00:00:34:23,0:00:02,1.704,1704,00:00:01:17,APG,"xka:..., kxpaskwahkán.",en los días de fiestas.,,,,,,
0:00:33,33.224,33224,00:00:33:05,0:00:34,34.076,34076,00:00:34:01,0:00:01,0.852,852,00:00:00:21,,,,"xka:...,",xka:,xka:,ERROR,ERROR,
0:00:34,34.076,34076,00:00:34:01,0:00:35,34.928,34928,00:00:34:23,0:00:01,0.852,852,00:00:00:21,,,,kxpaskwahkán,k-x-paskwah-kán,k-x-paskwah-kan,LOC-3POSS-party-PL.POSS,LOC-3POSS-party-PL.POSS,
0:00:35,34.928,34928,00:00:34:23,0:00:38,37.721,37721,00:00:37:18,0:00:03,2.793,2793,00:00:02:19,ESP,"Xli:ka:na n ti: kilhwampa:'t, na: klaqapasa xa *porque**","Lo que dices es muy cierto, también lo conozco porque",,,,,,
0:00:35,34.928,34928,00:00:34:23,0:00:35,35.277,35277,00:00:35:06,0:00:00,0.349,349,00:00:00:08,,,,xli:ka:na,xli:ka:na,xli:ka:nah,true,true,
0:00:35,35.277,35277,00:00:35:06,0:00:36,35.626,35626,00:00:35:15,0:00:00,0.349,349,00:00:00:08,,,,n,n,n,EPEN,EPEN,
0:00:36,35.626,35626,00:00:35:15,0:00:36,35.975,35975,00:00:35:24,0:00:00,0.349,349,00:00:00:08,,,,ti:,ti:,ti:,HREL,HREL,
0:00:36,35.975,35975,00:00:35:24,0:00:36,36.324,36324,00:00:36:08,0:00:00,0.349,349,00:00:00:08,,,,kilhwampa:'t,kilh-wám-pa:'-t,kilh.wan-pa:'-t,mouth-V.say-PROG.2SBJ-2SBJ.SG,mouth-V.say-PROG.2SBJ-2SBJ.SG,
0:00:36,36.324,36324,00:00:36:08,0:00:37,36.673,36673,00:00:36:16,0:00:00,0.349,349,00:00:00:08,,,,na:,na:,na:,aslo,also,
0:00:37,36.673,36673,00:00:36:16,0:00:37,37.022,37022,00:00:37:00,0:00:00,0.349,349,00:00:00:08,,,,klaqapasa,k-laqapas-a,k-laqapas-a:',1SBJ.SG-V.recognize-IPFV,1SBJ.SG-V.recognize-IPFV,
0:00:37,37.022,37022,00:00:37:00,0:00:37,37.371,37371,00:00:37:09,0:00:00,0.349,349,00:00:00:08,,,,xa,xa,xa',PRN.3SBJ.SG,PRN.3SBJ.SG,
0:00:37,37.371,37371,00:00:37:09,0:00:38,37.721,37721,00:00:37:18,0:00:00,0.35,350,00:00:00:08,,,,*porque**,porque,porque,INJT,INJT,
0:00:38,37.721,37721,00:00:37:18,0:00:41,41.354,41354,00:00:41:08,0:00:04,3.633,3633,00:00:03:15,ESP,"iyma: stla:ni xa iyma: n tu: aqsama:'wi ma: li:wa:pan,","este li:wa:pan del que hablamos es muy bonito,",,,,,,
0:00:38,37.721,37721,00:00:37:18,0:00:38,38.124,38124,00:00:38:03,0:00:00,0.403,403,00:00:00:10,,,,iyma:,iyma:,iyma:,DEM,DEM,
0:00:38,38.124,38124,00:00:38:03,0:00:39,38.528,38528,00:00:38:13,0:00:00,0.404,404,00:00:00:10,,,,stla:ni,stla:n-i,stla:n,beautiful-JNCT,beautiful,
0:00:39,38.528,38528,00:00:38:13,0:00:39,38.932,38932,00:00:38:23,0:00:00,0.404,404,00:00:00:10,,,,xa,xa,xa',PRN.3SBJ.SG,PRN.3SBJ.SG,
0:00:39,38.932,38932,00:00:38:23,0:00:39,39.335,39335,00:00:39:08,0:00:00,0.403,403,00:00:00:10,,,,iyma:,iyma:,iyma:,DEM,DEM,
0:00:39,39.335,39335,00:00:39:08,0:00:40,39.739,39739,00:00:39:18,0:00:00,0.404,404,00:00:00:10,,,,n,n,n,EPEN,EPEN,
0:00:40,39.739,39739,00:00:39:18,0:00:40,40.143,40143,00:00:40:03,0:00:00,0.404,404,00:00:00:10,,,,tu:,tu:,tu:,NREL,NREL,
0:00:40,40.143,40143,00:00:40:03,0:00:41,40.546,40546,00:00:40:13,0:00:00,0.403,403,00:00:00:10,,,,aqsama:'wi,aqsa-ma:'-w-i,aqsan-ma:'-'w,V.mention-PROG-1SBJ.PL-JNCT [PRES],V.mention-PROG-1SBJ.PL [PRES],
0:00:41,40.546,40546,00:00:40:13,0:00:41,40.95,40950,00:00:40:23,0:00:00,0.404,404,00:00:00:10,,,,ma:,ma:,ma:,TAG,TAG,
0:00:41,40.95,40950,00:00:40:23,0:00:41,41.354,41354,00:00:41:08,0:00:00,0.404,404,00:00:00:10,,,,li:wa:pan,li:wa:pan,li:wa:pan,Heliconia.schiedeana,Heliconia.schiedeana,
0:00:41,41.354,41354,00:00:41:08,0:00:43,42.578,42578,00:00:42:14,0:00:01,1.224,1224,00:00:01:05,ESP,cha: n chu: xatawá:'n,sus hojas,,,,,,
0:00:41,41.354,41354,00:00:41:08,0:00:42,41.66,41660,00:00:41:16,0:00:00,0.306,306,00:00:00:07,,,,cha:,cha:,cha:,PTCL,PTCL,
0:00:42,41.66,41660,00:00:41:16,0:00:42,41.966,41966,00:00:41:24,0:00:00,0.306,306,00:00:00:07,,,,n,n,n,EPEN,EPEN,
0:00:42,41.966,41966,00:00:41:24,0:00:42,42.272,42272,00:00:42:06,0:00:00,0.306,306,00:00:00:07,,,,chu:,chu:,chu:,PTCL,PTCL,
0:00:42,42.272,42272,00:00:42:06,0:00:43,42.578,42578,00:00:42:14,0:00:00,0.306,306,00:00:00:07,,,,xatawá:'n,xa-tawa:'n,xa-tawa:'n,DEF-plant,DEF-plant,
0:00:43,42.578,42578,00:00:42:14,0:00:46,45.902,45902,00:00:45:22,0:00:03,3.324,3324,00:00:03:08,ESP,"nali:maklakaskinkani n pala chu: mispalánchu:wi natlawaya' na:...,","se usan para envolver tamales de frijol,",,,,,,
0:00:43,42.578,42578,00:00:42:14,0:00:43,43.052,43052,00:00:43:01,0:00:00,0.474,474,00:00:00:11,,,,nali:maklakaskinkani,na-li-mak-lakaskin-kan-i,na-li-mak-lakaskin-kan,FUT-INS-body-V.use-INDEF-JNCT,FUT-INS-body-V.use-INDEF,
0:00:43,43.052,43052,00:00:43:01,0:00:44,43.527,43527,00:00:43:13,0:00:00,0.475,475,00:00:00:11,,,,n,n,n,EPEN,EPEN,
0:00:44,43.527,43527,00:00:43:13,0:00:44,44.002,44002,00:00:44:00,0:00:00,0.475,475,00:00:00:11,,,,pala,pala,pala,CONJ,CONJ,
0:00:44,44.002,44002,00:00:44:00,0:00:44,44.477,44477,00:00:44:11,0:00:00,0.475,475,00:00:00:11,,,,chu:,chu:,chu:,PTCL,PTCL,
0:00:44,44.477,44477,00:00:44:11,0:00:45,44.952,44952,00:00:44:23,0:00:00,0.475,475,00:00:00:11,,,,mispalánchu:wi,mi-spalánchu:w-i,mi-spalanchu:w,2POSS-bean.tamale-JNCT,2POSS-bean.tamale,
0:00:45,44.952,44952,00:00:44:23,0:00:45,45.427,45427,00:00:45:10,0:00:00,0.475,475,00:00:00:11,,,,natlawaya',na-tlawa-ya-',na-tlawa-a:'-',FUT-V.do.-IPFV-2SBJ.SG,FUT-V.do.-IPFV-2SBJ.SG,
0:00:45,45.427,45427,00:00:45:10,0:00:46,45.902,45902,00:00:45:22,0:00:00,0.475,475,00:00:00:11,,,,"na:...,",na:,na:,also,also,
0:00:46,45.902,45902,00:00:45:22,0:00:48,47.725,47725,00:00:47:18,0:00:02,1.823,1823,00:00:01:20,ESP,na: tla:ni iyma:,funcionan bien para,,,,,,
0:00:46,45.902,45902,00:00:45:22,0:00:47,46.509,46509,00:00:46:12,0:00:01,0.607,607,00:00:00:15,,,,na:,na:,na:,aslo,also,
0:00:47,46.509,46509,00:00:46:12,0:00:47,47.117,47117,00:00:47:02,0:00:01,0.608,608,00:00:00:15,,,,tla:ni,tla:n-i,tla:n,good-JNCT,good,
0:00:47,47.117,47117,00:00:47:02,0:00:48,47.725,47725,00:00:47:18,0:00:01,0.608,608,00:00:00:15,,,,iyma:,iyma:,iyma:,DEM,DEM,
0:00:48,47.725,47725,00:00:47:18,0:00:50,49.693,49693,00:00:49:17,0:00:02,1.968,1968,00:00:01:24,ESP,napu:tlawaya ma: minchú:w.,envolver este tipo de tamales.,,,,,,
0:00:48,47.725,47725,00:00:47:18,0:00:48,48.381,48381,00:00:48:09,0:00:01,0.656,656,00:00:00:16,,,,napu:tlawaya,na-pu:-tlawa-y-a,na-pu:-tlawa-a:'-',FUT-CTNR-V.do-IPFV-2SBJ.SG,FUT-CTNR-V.do-IPFV-2SBJ.SG,
0:00:48,48.381,48381,00:00:48:09,0:00:49,49.037,49037,00:00:49:00,0:00:01,0.656,656,00:00:00:16,,,,ma:,ma:,ma:,TAG,TAG,
0:00:49,49.037,49037,00:00:49:00,0:00:50,49.693,49693,00:00:49:17,0:00:01,0.656,656,00:00:00:16,,,,minchú:w,min-chú:w,min-chu:w,2POSS-tortilla,2POSS-tortilla,
0:00:50,49.693,49693,00:00:49:17,0:00:53,53.164,53164,00:00:53:04,0:00:03,3.471,3471,00:00:03:11,APG,N chu: iyi kilhwámpa:'ti n chu: xatawá:'n pa: na: qama n chu: taxtú xachu:w.,¿Sabe rico envuelto con estas hojas?,,,,,,
0:00:50,49.693,49693,00:00:49:17,0:00:50,49.94,49940,00:00:49:23,0:00:00,0.247,247,00:00:00:06,,,,n,n,n,EPEN,EPEN,
0:00:50,49.94,49940,00:00:49:23,0:00:50,50.188,50188,00:00:50:04,0:00:00,0.248,248,00:00:00:06,,,,chu:,chu:,chu:,PTCL,PTCL,
0:00:50,50.188,50188,00:00:50:04,0:00:50,50.436,50436,00:00:50:10,0:00:00,0.248,248,00:00:00:06,,,,iyi,iyi,iyi,NREL,NREL,
0:00:50,50.436,50436,00:00:50:10,0:00:51,50.684,50684,00:00:50:17,0:00:00,0.248,248,00:00:00:06,,,,kilhwámpa:'ti,kilh-wám-pa:'-t-i,kilh.wan-pa:'-t,mouth-V.say-PROG.2SBJ-2SBJ.SG-JNCT,mouth-V.say-PROG.2SBJ-2SBJ.SG,
0:00:51,50.684,50684,00:00:50:17,0:00:51,50.932,50932,00:00:50:23,0:00:00,0.248,248,00:00:00:06,,,,n,n,n,EPEN,EPEN,
0:00:51,50.932,50932,00:00:50:23,0:00:51,51.18,51180,00:00:51:04,0:00:00,0.248,248,00:00:00:06,,,,chu:,chu:,chu:,PTCL,PTCL,
0:00:51,51.18,51180,00:00:51:04,0:00:51,51.428,51428,00:00:51:10,0:00:00,0.248,248,00:00:00:06,,,,xatawá:'n,xa-tawa:'n,xa-tawa:'n,DEF-plant,DEF-plant,
0:00:51,51.428,51428,00:00:51:10,0:00:52,51.676,51676,00:00:51:16,0:00:00,0.248,248,00:00:00:06,,,,pa:,pa:,pa:,Q,Q,
0:00:52,51.676,51676,00:00:51:16,0:00:52,51.924,51924,00:00:51:23,0:00:00,0.248,248,00:00:00:06,,,,na:,na:,na:,aslo,also,
0:00:52,51.924,51924,00:00:51:23,0:00:52,52.172,52172,00:00:52:04,0:00:00,0.248,248,00:00:00:06,,,,qama,qama,qama',tasty,tasty,
0:00:52,52.172,52172,00:00:52:04,0:00:52,52.42,52420,00:00:52:10,0:00:00,0.248,248,00:00:00:06,,,,n,n,n,EPEN,EPEN,
0:00:52,52.42,52420,00:00:52:10,0:00:53,52.668,52668,00:00:52:16,0:00:00,0.248,248,00:00:00:06,,,,chu:,chu:,chu:,PTCL,PTCL,
0:00:53,52.668,52668,00:00:52:16,0:00:53,52.916,52916,00:00:52:22,0:00:00,0.248,248,00:00:00:06,,,,taxtú,ta-xtú,ta-xtu-a:',INC-out [3SBJ.SG PRES IPFV],INC-out-IPFV [3SBJ.SG PRES],
0:00:53,52.916,52916,00:00:52:22,0:00:53,53.164,53164,00:00:53:04,0:00:00,0.248,248,00:00:00:06,,,,xachu:w,xa-chu:w,xa-chu:w,DEF-tortilla,DEF-tortilla,
0:00:53,53.164,53164,00:00:53:04,0:00:57,57.443,57443,00:00:57:11,0:00:04,4.279,4279,00:00:04:06,ESP,"Qama wanqo:'yi wa: n ti: n pu:tlawaqo:'lhá', pus wa: n ti: nia:pu:tlawá pus ni...,","Aquellos que ya lo ocuparon dicen que sabe rico, aquellos que no lo han usado pues no",,,,,,
0:00:53,53.164,53164,00:00:53:04,0:00:53,53.469,53469,00:00:53:11,0:00:00,0.305,305,00:00:00:07,,,,qama,qama,qama',tasty,tasty,
0:00:53,53.469,53469,00:00:53:11,0:00:54,53.775,53775,00:00:53:19,0:00:00,0.306,306,00:00:00:07,,,,wanqo:'yi,wan-qo:'-y-i,wan-qo:'-a:',V.say-3PL-IPFV-JNCT,V.say-3PL-IPFV,
0:00:54,53.775,53775,00:00:53:19,0:00:54,54.08,54080,00:00:54:02,0:00:00,0.305,305,00:00:00:07,,,,wa:,wa:,wa:,FOC,FOC,
0:00:54,54.08,54080,00:00:54:02,0:00:54,54.386,54386,00:00:54:09,0:00:00,0.306,306,00:00:00:07,,,,n,n,n,EPEN,EPEN,
0:00:54,54.386,54386,00:00:54:09,0:00:55,54.692,54692,00:00:54:17,0:00:00,0.306,306,00:00:00:07,,,,ti:,ti:,ti:,HREL,HREL,
0:00:55,54.692,54692,00:00:54:17,0:00:55,54.997,54997,00:00:54:24,0:00:00,0.305,305,00:00:00:07,,,,n,n,n,EPEN,EPEN,
0:00:55,54.997,54997,00:00:54:24,0:00:55,55.303,55303,00:00:55:07,0:00:00,0.306,306,00:00:00:07,,,,pu:tlawaqo:'lhá',pu:-tlawa-qo:'-lh-á',pu:-tlawa-qo:'-lh-tá',CTNR-V.do-3PL-PFV-ALRD,CTNR-V.do-3PL-PFV-ALRD,
0:00:55,55.303,55303,00:00:55:07,0:00:56,55.609,55609,00:00:55:15,0:00:00,0.306,306,00:00:00:07,,,,pus,pus,pus,INTJ,INTJ,
0:00:56,55.609,55609,00:00:55:15,0:00:56,55.914,55914,00:00:55:22,0:00:00,0.305,305,00:00:00:07,,,,wa:,wa:,wa:,FOC,FOC,
0:00:56,55.914,55914,00:00:55:22,0:00:56,56.22,56220,00:00:56:05,0:00:00,0.306,306,00:00:00:07,,,,n,n,n,EPEN,EPEN,
0:00:56,56.22,56220,00:00:56:05,0:00:57,56.526,56526,00:00:56:13,0:00:00,0.306,306,00:00:00:07,,,,ti:,ti:,ti:,HREL,HREL,
0:00:57,56.526,56526,00:00:56:13,0:00:57,56.831,56831,00:00:56:20,0:00:00,0.305,305,00:00:00:07,,,,nia:pu:tlawá,ni-a:-pu:-tlawá,ni-a:-pu:-tlawa-a:',NEG-YET-CNTR-V.do [3SBJ.SG PRES IPFV],NEG-YET-CNTR-V.do-IPFV [3SBJ.SG PRES],
0:00:57,56.831,56831,00:00:56:20,0:00:57,57.137,57137,00:00:57:03,0:00:00,0.306,306,00:00:00:07,,,,pus,pus,pus,INTJ,INTJ,
0:00:57,57.137,57137,00:00:57:03,0:00:57,57.443,57443,00:00:57:11,0:00:00,0.306,306,00:00:00:07,,,,"ni...,",ni-[FS],ni-[FS],NEG-[FS],NEG-[FS],
0:00:57,57.443,57443,00:00:57:11,0:01:00,59.719,59719,00:00:59:17,0:00:02,2.276,2276,00:00:02:06,ESP,"nilu:katsí:y, wa: kiti na: ktipu:tlawalh","saben, en mi caso ya lo he usado",,,,,,
0:00:57,57.443,57443,00:00:57:11,0:00:58,57.898,57898,00:00:57:22,0:00:00,0.455,455,00:00:00:11,,,,nilu:katsí:y,ni-lu:-katsí:-y,ni-lu:-katsi:-a:',NEG-INTNS-V.know-IPFV [3SBJ.SG PRES],NEG-INTNS-V.know-IPFV [3SBJ.SG PRES],
0:00:58,57.898,57898,00:00:57:22,0:00:58,58.353,58353,00:00:58:08,0:00:00,0.455,455,00:00:00:11,,,,wa:,wa:,wa:,FOC,FOC,
0:00:58,58.353,58353,00:00:58:08,0:00:59,58.808,58808,00:00:58:20,0:00:00,0.455,455,00:00:00:11,,,,kiti,kit-i,kit,PRN.1SBJ.SG-JNCT,PRN.1SBJ.SG,
0:00:59,58.808,58808,00:00:58:20,0:00:59,59.263,59263,00:00:59:06,0:00:00,0.455,455,00:00:00:11,,,,na:,na:,na:,aslo,also,
0:00:59,59.263,59263,00:00:59:06,0:01:00,59.719,59719,00:00:59:17,0:00:00,0.456,456,00:00:00:11,,,,ktipu:tlawalh,k-ti-pu:-tlawa-lh,k-ti-pu:-tlawa-lh,1SBJ.SG-POT-CTNR-V.do-PFV,1SBJ.SG-POT-CTNR-V.do-PFV,
0:01:00,59.719,59719,00:00:59:17,0:01:02,62.45,62450,00:01:02:11,0:00:03,2.731,2731,00:00:02:18,ESP,"pus niqama kiti jqalh..., ktiqalhwa:'nalh *porque** ka",y en lo particular no me agradó porque,,,,,,
0:01:00,59.719,59719,00:00:59:17,0:01:00,60.109,60109,00:01:00:02,0:00:00,0.39,390,00:00:00:09,,,,pus,pus,pus,INTJ,INTJ,
0:01:00,60.109,60109,00:01:00:02,0:01:00,60.499,60499,00:01:00:12,0:00:00,0.39,390,00:00:00:09,,,,niqama,ni-qama,ni-qama',NEG-tasty,NEG-tasty,
0:01:00,60.499,60499,00:01:00:12,0:01:01,60.889,60889,00:01:00:22,0:00:00,0.39,390,00:00:00:09,,,,kiti,kit-i,kit,PRN.1SBJ.SG-JNCT,PRN.1SBJ.SG,
0:01:01,60.889,60889,00:01:00:22,0:01:01,61.279,61279,00:01:01:06,0:00:00,0.39,390,00:00:00:09,,,,"jqalh...,",j-qalh-[FS],k-qalh-[FS],1SBJ.SG-mouth-[FS],1SBJ.SG-mouth-[FS],
0:01:01,61.279,61279,00:01:01:06,0:01:02,61.669,61669,00:01:01:16,0:00:00,0.39,390,00:00:00:09,,,,ktiqalhwa:'nalh,k-ti-qalh-wa:'-na-lh,k-ti-qalh-wa'-nan-lh,1SBJ-POT-mouth-V.eat-ANTIP-PFV,1SBJ-POT-mouth-V.eat-ANTIP-PFV,
0:01:02,61.669,61669,00:01:01:16,0:01:02,62.059,62059,00:01:02:01,0:00:00,0.39,390,00:00:00:09,,,,*porque**,porque,porque,INJT,INJT,
0:01:02,62.059,62059,00:01:02:01,0:01:02,62.45,62450,00:01:02:11,0:00:00,0.391,391,00:00:00:09,,,,ka,ka,kah,only,only,
0:01:02,62.45,62450,00:01:02:11,0:01:04,64.166,64166,00:01:04:04,0:00:02,1.716,1716,00:00:01:17,ESP,ka tanu: n taqalhwa:'nani xa,tiene un sabor distinto,,,,,,
0:01:02,62.45,62450,00:01:02:11,0:01:03,62.793,62793,00:01:02:19,0:00:00,0.343,343,00:00:00:08,,,,ka,ka,kah,only,only,
0:01:03,62.793,62793,00:01:02:19,0:01:03,63.136,63136,00:01:03:03,0:00:00,0.343,343,00:00:00:08,,,,tanu:,ta-nu:,ta-nu:-a:',INC-in [3SBJ.SG PRES IPFV],INC-in-IPFV [3SBJ.SG PRES],
0:01:03,63.136,63136,00:01:03:03,0:01:03,63.479,63479,00:01:03:11,0:00:00,0.343,343,00:00:00:08,,,,n,n,n,EPEN,EPEN,
0:01:03,63.479,63479,00:01:03:11,0:01:04,63.822,63822,00:01:03:20,0:00:00,0.343,343,00:00:00:08,,,,taqalhwa:'nani,ta-qalh-wa:'-nan-i,ta-qalh-wa'-nan-a:',INC-mouth-V.eat-INDEF-JNCT [3SBJ.SG PRES IPFV],INC-mouth-V.eat-INDEF-IPFV [3SBJ.SG PRES],
0:01:04,63.822,63822,00:01:03:20,0:01:04,64.166,64166,00:01:04:04,0:00:00,0.344,344,00:00:00:08,,,,xa,xa,xa',PRN.3SBJ.SG,PRN.3SBJ.SG,
0:01:04,64.166,64166,00:01:04:04,0:01:05,65.31,65310,00:01:05:07,0:00:01,1.144,1144,00:00:01:03,ESP,xachu:w.,el tamal.,xachu:w,xa-chu:w,xa-chu:w,DEF-tortilla,DEF-tortilla,
0:01:05,65.31,65310,00:01:05:07,0:01:09,68.598,68598,00:01:08:14,0:00:03,3.288,3288,00:00:03:07,APG,"Xli:ka:na nayi kilhwampa:'t, pus lhu:wa ma:xi n tawá:'n usa","Es muy cierto lo que dices, creo que son muchas hierbas",,,,,,
0:01:05,65.31,65310,00:01:05:07,0:01:06,65.675,65675,00:01:05:16,0:00:00,0.365,365,00:00:00:09,,,,xli:ka:na,xli:ka:na,xli:ka:nah,true,true,
0:01:06,65.675,65675,00:01:05:16,0:01:06,66.04,66040,00:01:06:01,0:00:00,0.365,365,00:00:00:09,,,,nayi,nayi,nayi,as,as,
0:01:06,66.04,66040,00:01:06:01,0:01:06,66.406,66406,00:01:06:10,0:00:00,0.366,366,00:00:00:09,,,,kilhwampa:'t,kilh-wám-pa:'-t,kilh.wan-pa:'-t,mouth-V.say-PROG.2SBJ-2SBJ.SG,mouth-V.say-PROG.2SBJ-2SBJ.SG,
0:01:06,66.406,66406,00:01:06:10,0:01:07,66.771,66771,00:01:06:19,0:00:00,0.365,365,00:00:00:09,,,,pus,pus,pus,INTJ,INTJ,
0:01:07,66.771,66771,00:01:06:19,0:01:07,67.136,67136,00:01:07:03,0:00:00,0.365,365,00:00:00:09,,,,lhu:wa,lhu:wa,lhu:wa',many,many,
0:01:07,67.136,67136,00:01:07:03,0:01:08,67.502,67502,00:01:07:12,0:00:00,0.366,366,00:00:00:09,,,,ma:xi,ma:x-i,ma:x,DUB-JNCT,DUB,
0:01:08,67.502,67502,00:01:07:12,0:01:08,67.867,67867,00:01:07:21,0:00:00,0.365,365,00:00:00:09,,,,n,n,n,EPEN,EPEN,
0:01:08,67.867,67867,00:01:07:21,0:01:08,68.232,68232,00:01:08:05,0:00:00,0.365,365,00:00:00:09,,,,tawá:'n,tawá:'n,tawá:'n,plant,plant,
0:01:08,68.232,68232,00:01:08:05,0:01:09,68.598,68598,00:01:08:14,0:00:00,0.366,366,00:00:00:09,,,,usa,usa,usa,INTJ,INTJ,
0:01:09,68.598,68598,00:01:08:14,0:01:11,71.066,71066,00:01:11:01,0:00:02,2.468,2468,00:00:02:11,APG,tacha'na:ni nilaqapasqo:'yá:'w.,o cultivos que desconocemos.,,,,,,
0:01:09,68.598,68598,00:01:08:14,0:01:10,69.832,69832,00:01:09:20,0:00:01,1.234,1234,00:00:01:05,,,,tacha'na:ni,ta-cha'n-a:n-i,ta-cha'n-an,DTRANS-V.plant-PL-JNCT,DTRANS-V.plant-PL,plural
0:01:10,69.832,69832,00:01:09:20,0:01:11,71.066,71066,00:01:11:01,0:00:01,1.234,1234,00:00:01:05,,,,nilaqapasqo:'yá:'w,ni-laqapas-qo:'-yá:'-w,ni-laqapas-qo:'-a:'-'w,NEG-V.recognize-3PL-IPFV [PRES],NEG-V.recognize-3PL-IPFV [PRES],
0:01:11,71.066,71066,00:01:11:01,0:01:15,74.638,74638,00:01:14:15,0:00:04,3.572,3572,00:00:03:14,APG,Pus nipaks katsi:ya:'wi n pala qama n taxtú n pala xachu:w nayi la:wanimá:'w.,No sabemos si todos se pueden usar para tamales como acabamos de decir.,,,,,,
0:01:11,71.066,71066,00:01:11:01,0:01:11,71.34,71340,00:01:11:08,0:00:00,0.274,274,00:00:00:06,,,,pus,pus,pus,INTJ,INTJ,
0:01:11,71.34,71340,00:01:11:08,0:01:12,71.615,71615,00:01:11:15,0:00:00,0.275,275,00:00:00:06,,,,nipaks,ni-paks,ni-paks,NEG-all,NEG-all,
0:01:12,71.615,71615,00:01:11:15,0:01:12,71.89,71890,00:01:11:22,0:00:00,0.275,275,00:00:00:06,,,,katsi:ya:'wi,katsi:-yá:'-w-i,katsi:-á:'-'w,V.know-IPFV-1SBJ.PL-JNCT,V.know-IPFV-1SBJ.PL,
0:01:12,71.89,71890,00:01:11:22,0:01:12,72.165,72165,00:01:12:04,0:00:00,0.275,275,00:00:00:06,,,,n,n,n,EPEN,EPEN,
0:01:12,72.165,72165,00:01:12:04,0:01:12,72.439,72439,00:01:12:10,0:00:00,0.274,274,00:00:00:06,,,,pala,pala,pala,CONJ,CONJ,
0:01:12,72.439,72439,00:01:12:10,0:01:13,72.714,72714,00:01:12:17,0:00:00,0.275,275,00:00:00:06,,,,qama,qama,qama',tasty,tasty,
0:01:13,72.714,72714,00:01:12:17,0:01:13,72.989,72989,00:01:12:24,0:00:00,0.275,275,00:00:00:06,,,,n,n,n,EPEN,EPEN,
0:01:13,72.989,72989,00:01:12:24,0:01:13,73.264,73264,00:01:13:06,0:00:00,0.275,275,00:00:00:06,,,,taxtú,ta-xtú,ta-xtu-a:',INC-out [3SBJ.SG PRES IPFV],INC-out-IPFV [3SBJ.SG PRES],
0:01:13,73.264,73264,00:01:13:06,0:01:14,73.538,73538,00:01:13:13,0:00:00,0.274,274,00:00:00:06,,,,n,n,n,EPEN,EPEN,
0:01:14,73.538,73538,00:01:13:13,0:01:14,73.813,73813,00:01:13:20,0:00:00,0.275,275,00:00:00:06,,,,pala,pala,pala,CONJ,CONJ,
0:01:14,73.813,73813,00:01:13:20,0:01:14,74.088,74088,00:01:14:02,0:00:00,0.275,275,00:00:00:06,,,,xachu:w,xa-chu:w,xa-chu:w,DEF-tortilla,DEF-tortilla,
0:01:14,74.088,74088,00:01:14:02,0:01:14,74.363,74363,00:01:14:09,0:00:00,0.275,275,00:00:00:06,,,,nayi,nayi,nayi,as,as,
0:01:14,74.363,74363,00:01:14:09,0:01:15,74.638,74638,00:01:14:15,0:00:00,0.275,275,00:00:00:06,,,,la:wanimá:'w,la:-wa-ni-má:'-w,la:-wan-ni-ma:'-'w,RECP-V.say-DAT-PROG-1SBJ.PL,RECP-V.say-DAT-PROG-1SBJ.PL,
0:01:15,74.638,74638,00:01:14:15,0:01:16,75.787,75787,00:01:15:19,0:00:01,1.149,1149,00:00:01:03,APG,Chu: iyma: n tawa:'ni n chu:,Esta hierba de la que hablamos,,,,,,
0:01:15,74.638,74638,00:01:14:15,0:01:15,74.829,74829,00:01:14:20,0:00:00,0.191,191,00:00:00:04,,,,chu:,chu:,chu:,PTCL,PTCL,
0:01:15,74.829,74829,00:01:14:20,0:01:15,75.021,75021,00:01:15:00,0:00:00,0.192,192,00:00:00:04,,,,iyma:,iyma:,iyma:,DEM,DEM,
0:01:15,75.021,75021,00:01:15:00,0:01:15,75.212,75212,00:01:15:05,0:00:00,0.191,191,00:00:00:04,,,,n,n,n,EPEN,EPEN,
0:01:15,75.212,75212,00:01:15:05,0:01:15,75.404,75404,00:01:15:10,0:00:00,0.192,192,00:00:00:04,,,,tawa:'ni,tawa:'n-i,tawa:'n,plant-JNCT,plant,
0:01:15,75.404,75404,00:01:15:10,0:01:16,75.595,75595,00:01:15:14,0:00:00,0.191,191,00:00:00:04,,,,n,n,n,EPEN,EPEN,
0:01:16,75.595,75595,00:01:15:14,0:01:16,75.787,75787,00:01:15:19,0:00:00,0.192,192,00:00:00:04,,,,chu:,chu:,chu:,PTCL,PTCL,
0:01:16,75.787,75787,00:01:15:19,0:01:20,79.839,79839,00:01:19:20,0:00:04,4.052,4052,00:00:04:01,APG,"aqsamá:'w pus xli:ka:na akani wa: stak, nasták, na: nikas..., na: nixaskalahwa',","puede crecer en mucho sitios, no es delicada,",,,,,,
0:01:16,75.787,75787,00:01:15:19,0:01:16,76.155,76155,00:01:16:03,0:00:00,0.368,368,00:00:00:09,,,,aqsamá:'w,aqsa-má:'-w,aqsan-ma:'-'w,V.mention-PROG-1SBJ.PL [PRES],V.mention-PROG-1SBJ.PL [PRES],
0:01:16,76.155,76155,00:01:16:03,0:01:17,76.523,76523,00:01:16:13,0:00:00,0.368,368,00:00:00:09,,,,pus,pus,pus,INTJ,INTJ,
0:01:17,76.523,76523,00:01:16:13,0:01:17,76.892,76892,00:01:16:22,0:00:00,0.369,369,00:00:00:09,,,,xli:ka:na,xli:ka:na,xli:ka:nah,true,true,
0:01:17,76.892,76892,00:01:16:22,0:01:17,77.26,77260,00:01:17:06,0:00:00,0.368,368,00:00:00:09,,,,akani,akan-i,akan,head-JNCT,head-JNCT,
0:01:17,77.26,77260,00:01:17:06,0:01:18,77.628,77628,00:01:17:15,0:00:00,0.368,368,00:00:00:09,,,,wa:,wa:,wa:,FOC,FOC,
0:01:18,77.628,77628,00:01:17:15,0:01:18,77.997,77997,00:01:17:24,0:00:00,0.369,369,00:00:00:09,,,,stak,stak,stak-a:',V.grow [3SBJ.SG PRES IPFV],V.grow-IPFV  [3SBJ.SG PRES],
0:01:18,77.997,77997,00:01:17:24,0:01:18,78.365,78365,00:01:18:09,0:00:00,0.368,368,00:00:00:09,,,,nasták,na-stak,na-stak-a:',FUT-V.grow [3SBJ.SG PRES IPFV],FUT-V.grow-IPFV  [3SBJ.SG PRES],
0:01:18,78.365,78365,00:01:18:09,0:01:19,78.733,78733,00:01:18:18,0:00:00,0.368,368,00:00:00:09,,,,na:,na:,na:,aslo,also,
0:01:19,78.733,78733,00:01:18:18,0:01:19,79.102,79102,00:01:19:02,0:00:00,0.369,369,00:00:00:09,,,,"nikas...,",nikas,nikas,ERROR,ERROR,
0:01:19,79.102,79102,00:01:19:02,0:01:19,79.47,79470,00:01:19:11,0:00:00,0.368,368,00:00:00:09,,,,na:,na:,na:,aslo,also,
0:01:19,79.47,79470,00:01:19:11,0:01:20,79.839,79839,00:01:19:20,0:00:00,0.369,369,00:00:00:09,,,,nixaskalahwa',ni-xa-skalahwa',ni-xa-skalahwa',NEG-DEF-delicate,NEG-DEF-delicate,
0:01:20,79.839,79839,00:01:19:20,0:01:22,81.522,81522,00:01:21:13,0:00:02,1.683,1683,00:00:01:17,APG,staka n pala nacha'na'.,puede crecer si lo cultivas.,,,,,,
0:01:20,79.839,79839,00:01:19:20,0:01:20,80.259,80259,00:01:20:06,0:00:00,0.42,420,00:00:00:10,,,,staka3,stak-a,stak-a:',V.grow-IPFV  [3SBJ.SG PRES],V.grow-IPFV  [3SBJ.SG PRES],
0:01:20,80.259,80259,00:01:20:06,0:01:21,80.68,80680,00:01:20:17,0:00:00,0.421,421,00:00:00:10,,,,n,n,n,EPEN,EPEN,
0:01:21,80.68,80680,00:01:20:17,0:01:21,81.101,81101,00:01:21:02,0:00:00,0.421,421,00:00:00:10,,,,pala,pala,pala,CONJ,CONJ,
0:01:21,81.101,81101,00:01:21:02,0:01:22,81.522,81522,00:01:21:13,0:00:00,0.421,421,00:00:00:10,,,,nacha'na',na-cha'n-a-',na-cha'n-a:'-',FUT-V.plant-IPFV-2SBJ.SG,FUT-V.plant-IPFV-2SBJ.SG,
0:01:22,81.522,81522,00:01:21:13,0:01:26,85.566,85566,00:01:25:14,0:00:04,4.044,4044,00:00:04:01,APG,Lu:laqkuxtaqo:'kán *porque** lantla la:wanimá:'w tla:ni li:ka:xtlawa:nankani xaxanat.,Algunos lo cuidan porque sus flores son ornamentales.,,,,,,
0:01:22,81.522,81522,00:01:21:13,0:01:22,82.099,82099,00:01:22:02,0:00:01,0.577,577,00:00:00:14,,,,Lu:laqkuxtaqo:'kán,lu:-laq-kuxta-qo:'-kán,lu:-laq-kuxta-qo:'-kan,INTNS-PL-V.weed-3PL-INDEF,INTNS-PL-V.weed-3PL-INDEF,
0:01:22,82.099,82099,00:01:22:02,0:01:23,82.677,82677,00:01:22:16,0:00:01,0.578,578,00:00:00:14,,,,*porque**,porque,porque,INJT,INJT,
0:01:23,82.677,82677,00:01:22:16,0:01:23,83.255,83255,00:01:23:06,0:00:01,0.578,578,00:00:00:14,,,,lantla,lantla,lantlah,like,like,
0:01:23,83.255,83255,00:01:23:06,0:01:24,83.832,83832,00:01:23:20,0:00:01,0.577,577,00:00:00:14,,,,la:wanimá:'w,la:-wa-ni-má:'-w,la:-wan-ni-ma:'-'w,RECP-V.say-DAT-PROG-1SBJ.PL,RECP-V.say-DAT-PROG-1SBJ.PL,
0:01:24,83.832,83832,00:01:23:20,0:01:24,84.41,84410,00:01:24:10,0:00:01,0.578,578,00:00:00:14,,,,tla:ni,tla:n-i,tla:n,good-JNCT,good,
0:01:24,84.41,84410,00:01:24:10,0:01:25,84.988,84988,00:01:24:24,0:00:01,0.578,578,00:00:00:14,,,,li:ka:xtlawa:nankani,li:-ka:xtlawa:nan-kan-i,li:-ka:xtlawa:nan-kan,INS-V.decorate-INDEF-JNCT,INS-V.decorate-INDEF,
0:01:25,84.988,84988,00:01:24:24,0:01:26,85.565,85565,00:01:25:14,0:00:01,0.577,577,00:00:00:14,,,,xaxanat,xa-xanat,xa-xanat,DEF-flower,DEF-flower,
0:01:26,85.566,85566,00:01:25:14,0:01:29,88.852,88852,00:01:28:21,0:00:03,3.286,3286,00:00:03:07,ESP,"Xli:ka:na n ti: kilhwampa:'t, na: lu:talhma:ni stak na: lu:","Lo que dices es verdad, también crecen muy altos,",,,,,,
0:01:26,85.566,85566,00:01:25:14,0:01:26,85.931,85931,00:01:25:23,0:00:00,0.365,365,00:00:00:09,,,,Xli:ka:na,xli:ka:na,xli:ka:nah,true,true,
0:01:26,85.931,85931,00:01:25:23,0:01:26,86.296,86296,00:01:26:07,0:00:00,0.365,365,00:00:00:09,,,,n,n,n,EPEN,EPEN,
0:01:26,86.296,86296,00:01:26:07,0:01:27,86.661,86661,00:01:26:16,0:00:00,0.365,365,00:00:00:09,,,,ti:,ti:,ti:,HREL,HREL,
0:01:27,86.661,86661,00:01:26:16,0:01:27,87.026,87026,00:01:27:00,0:00:00,0.365,365,00:00:00:09,,,,kilhwampa:'t,kilh-wám-pa:'-t,kilh.wan-pa:'-t,mouth-V.say-PROG.2SBJ-2SBJ.SG,mouth-V.say-PROG.2SBJ-2SBJ.SG,
0:01:27,87.026,87026,00:01:27:00,0:01:27,87.391,87391,00:01:27:09,0:00:00,0.365,365,00:00:00:09,,,,na:,na:,na:,aslo,also,
0:01:27,87.391,87391,00:01:27:09,0:01:28,87.756,87756,00:01:27:18,0:00:00,0.365,365,00:00:00:09,,,,lu:talhma:ni,lu:-talhma:n-i,lu:-talhma:n,INTNS-high-JNCT,INTNS-high,
0:01:28,87.756,87756,00:01:27:18,0:01:28,88.121,88121,00:01:28:03,0:00:00,0.365,365,00:00:00:09,,,,stak,stak,stak-a:',V.grow [3SBJ.SG PRES IPFV],V.grow-IPFV  [3SBJ.SG PRES],
0:01:28,88.121,88121,00:01:28:03,0:01:28,88.486,88486,00:01:28:12,0:00:00,0.365,365,00:00:00:09,,,,na:,na:,na:,aslo,also,
0:01:28,88.486,88486,00:01:28:12,0:01:29,88.852,88852,00:01:28:21,0:00:00,0.366,366,00:00:00:09,,,,"lu:...,",lu:-[FS],lu:-[FS],INTNS-[FS],INTNS-[FS],
0:01:29,88.852,88852,00:01:28:21,0:01:31,91.412,91412,00:01:31:10,0:00:03,2.56,2560,00:00:02:14,ESP,"ka tanu: n cha:'chixi:wá', cha:'tsatsu'qo:'wán.","son pubescentes, de tallos rojizos.",,,,,,
0:01:29,88.852,88852,00:01:28:21,0:01:29,89.364,89364,00:01:29:09,0:00:01,0.512,512,00:00:00:12,,,,ka,ka,kah,only,only,
0:01:29,89.364,89364,00:01:29:09,0:01:30,89.876,89876,00:01:29:21,0:00:01,0.512,512,00:00:00:12,,,,tanu:,ta-nu:,ta-nu:-a:',INC-in [3SBJ.SG PRES IPFV],INC-in-IPFV [3SBJ.SG PRES],
0:01:30,89.876,89876,00:01:29:21,0:01:30,90.388,90388,00:01:30:09,0:00:01,0.512,512,00:00:00:12,,,,n,n,n,EPEN,EPEN,
0:01:30,90.388,90388,00:01:30:09,0:01:31,90.9,90900,00:01:30:22,0:00:01,0.512,512,00:00:00:12,,,,cha:'chixi:wá',cha:'-chixi:-wá',cha:'-chixix-wá',leg-hairy-SEM,leg-hairy-SEM,
0:01:31,90.9,90900,00:01:30:22,0:01:31,91.412,91412,00:01:31:10,0:00:01,0.512,512,00:00:00:12,,,,cha:'tsatsu'qo:'wán,cha:'-tsatsu'-qo:'-wá-n,cha:'-tsatsu'q-qo:'-wá'-n,leg-red-3PL-SEM-PL,leg-red-3PL-SEM-PL,
0:01:31,91.412,91412,00:01:31:10,0:01:36,95.624,95624,00:01:35:15,0:00:04,4.212,4212,00:00:04:05,ESP,"Ka tanu: iyma: xcha:'xpa:ni, ma: n chixi:t cha:'wanqo:'yi iyma: xa","Sus tallos son algo particulares, son peludos",,,,,,
0:01:31,91.412,91412,00:01:31:10,0:01:32,91.833,91833,00:01:31:20,0:00:00,0.421,421,00:00:00:10,,,,Ka,ka,kah,only,only,
0:01:32,91.833,91833,00:01:31:20,0:01:32,92.254,92254,00:01:32:06,0:00:00,0.421,421,00:00:00:10,,,,tanu:,ta-nu:,ta-nu:-a:',INC-in [3SBJ.SG PRES IPFV],INC-in-IPFV [3SBJ.SG PRES],
0:01:32,92.254,92254,00:01:32:06,0:01:33,92.675,92675,00:01:32:16,0:00:00,0.421,421,00:00:00:10,,,,iyma:,iyma:,iyma:,DEM,DEM,
0:01:33,92.675,92675,00:01:32:16,0:01:33,93.096,93096,00:01:33:02,0:00:00,0.421,421,00:00:00:10,,,,xcha:'xpa:ni,x-cha:'xpa:n-i,x-cha:'xpa:n,3POSS-sura-JNCT,3POSS-sura,
0:01:33,93.096,93096,00:01:33:02,0:01:34,93.518,93518,00:01:33:12,0:00:00,0.422,422,00:00:00:10,,,,ma:,ma:,ma:,TAG,TAG,
0:01:34,93.518,93518,00:01:33:12,0:01:34,93.939,93939,00:01:33:23,0:00:00,0.421,421,00:00:00:10,,,,n,n,n,EPEN,EPEN,
0:01:34,93.939,93939,00:01:33:23,0:01:34,94.36,94360,00:01:34:09,0:00:00,0.421,421,00:00:00:10,,,,chixi:t,chixi:t,chixi:t,hair,hair,
0:01:34,94.36,94360,00:01:34:09,0:01:35,94.781,94781,00:01:34:19,0:00:00,0.421,421,00:00:00:10,,,,cha:'wanqo:'yi,cha:'-wa-n-qo:'-y-i,cha:'-wa'-n-qo:'-a:',leg-SEM-???-3PL-IPFV-JNCT [PRES],leg-SEM-???-3PL-IPFV [PRES],
0:01:35,94.781,94781,00:01:34:19,0:01:35,95.202,95202,00:01:35:05,0:00:00,0.421,421,00:00:00:10,,,,iyma:,iyma:,iyma:,DEM,DEM,
0:01:35,95.202,95202,00:01:35:05,0:01:36,95.624,95624,00:01:35:15,0:00:00,0.422,422,00:00:00:10,,,,xa,xa,xa',PRN.3SBJ.SG,PRN.3SBJ.SG,
0:01:36,95.624,95624,00:01:35:15,0:01:38,98.459,98459,00:01:38:11,0:00:03,2.835,2835,00:00:02:20,ESP,"xa..., xaki'wi n chu: xa..., xatawá:'n.",estos tallos y hojas.,,,,,,
0:01:36,95.624,95624,00:01:35:15,0:01:36,96.096,96096,00:01:36:02,0:00:00,0.472,472,00:00:00:11,,,,"xa...,",xa-[FS],xa-[FS],DEF-[FS],DEF-[FS],
0:01:36,96.096,96096,00:01:36:02,0:01:37,96.569,96569,00:01:36:14,0:00:00,0.473,473,00:00:00:11,,,,xaki'wi,xa-ki'wi,xa-ki'wi',DEF-tree,DEF-tree,
0:01:37,96.569,96569,00:01:36:14,0:01:37,97.041,97041,00:01:37:01,0:00:00,0.472,472,00:00:00:11,,,,n,n,n,EPEN,EPEN,
0:01:37,97.041,97041,00:01:37:01,0:01:38,97.514,97514,00:01:37:12,0:00:00,0.473,473,00:00:00:11,,,,chu:,chu:,chu:,PTCL,PTCL,
0:01:38,97.514,97514,00:01:37:12,0:01:38,97.986,97986,00:01:37:24,0:00:00,0.472,472,00:00:00:11,,,,"xa...,",xa-[FS],xa-[FS],DEF-[FS],DEF-[FS],
0:01:38,97.986,97986,00:01:37:24,0:01:38,98.459,98459,00:01:38:11,0:00:00,0.473,473,00:00:00:11,,,,xatawá:'n,xa-tawa:'n,xa-tawa:'n,DEF-plant,DEF-plant,
0:01:38,98.459,98459,00:01:38:11,0:01:41,100.977,100977,00:01:40:24,0:00:03,2.518,2518,00:00:02:12,APG,Xli:ka:na xa nayi kilhwámpa:'ti n pi talaqpali:yi,Es cierto lo que comentas acerca de que cambian,,,,,,
0:01:38,98.459,98459,00:01:38:11,0:01:39,98.818,98818,00:01:38:20,0:00:00,0.359,359,00:00:00:08,,,,Xli:ka:na,xli:ka:na,xli:ka:nah,true,true,
0:01:39,98.818,98818,00:01:38:20,0:01:39,99.178,99178,00:01:39:04,0:00:00,0.36,360,00:00:00:09,,,,xa,xa,xa',PRN.3SBJ.SG,PRN.3SBJ.SG,
0:01:39,99.178,99178,00:01:39:04,0:01:40,99.538,99538,00:01:39:13,0:00:00,0.36,360,00:00:00:09,,,,nayi,nayi,nayi,as,as,
0:01:40,99.538,99538,00:01:39:13,0:01:40,99.897,99897,00:01:39:22,0:00:00,0.359,359,00:00:00:08,,,,kilhwámpa:'ti,kilh-wám-pa:'-t-i,kilh.wan-pa:'-t,mouth-V.say-PROG.2SBJ-2SBJ.SG-JNCT,mouth-V.say-PROG.2SBJ-2SBJ.SG,
0:01:40,99.897,99897,00:01:39:22,0:01:40,100.257,100257,00:01:40:06,0:00:00,0.36,360,00:00:00:09,,,,n,n,n,EPEN,EPEN,
0:01:40,100.257,100257,00:01:40:06,0:01:41,100.617,100617,00:01:40:15,0:00:00,0.36,360,00:00:00:09,,,,pi,pi,pi,COMP,COMP,
0:01:41,100.617,100617,00:01:40:15,0:01:41,100.977,100977,00:01:40:24,0:00:00,0.36,360,00:00:00:09,,,,talaqpali:yi,talaqpali:-y-i,talaqpali:-a:',V.change-IPFV-JNCT [3SBJ.SG PRES],V.change-IPFV [3SBJ.SG PRES],
0:01:41,100.977,100977,00:01:40:24,0:01:45,104.712,104712,00:01:44:17,0:00:04,3.735,3735,00:00:03:18,APG,"wa: n tu: a:ti:pa:'tu tawa:'ni laqapasqo:'yá:'w, niwatiyá maski","con respecto a otras plantas conocidas, no son las mismas aunque",,,,,,
0:01:41,100.977,100977,00:01:40:24,0:01:41,101.443,101443,00:01:41:11,0:00:00,0.466,466,00:00:00:11,,,,wa:,wa:,wa:,FOC,FOC,
0:01:41,101.443,101443,00:01:41:11,0:01:42,101.91,101910,00:01:41:22,0:00:00,0.467,467,00:00:00:11,,,,n,n,n,EPEN,EPEN,
0:01:42,101.91,101910,00:01:41:22,0:01:42,102.377,102377,00:01:42:09,0:00:00,0.467,467,00:00:00:11,,,,tu:,tu:,tu:,NREL,NREL,
0:01:42,102.377,102377,00:01:42:09,0:01:43,102.844,102844,00:01:42:21,0:00:00,0.467,467,00:00:00:11,,,,a:ti:pa:'tu,a:-ti:pa:'-tu,a:-ti:pa:'-t,ADD-CLF-one,ADD-CLF-one,
0:01:43,102.844,102844,00:01:42:21,0:01:43,103.311,103311,00:01:43:07,0:00:00,0.467,467,00:00:00:11,,,,tawa:'ni,tawa:'n-i,tawa:'n,plant-JNCT,plant,
0:01:43,103.311,103311,00:01:43:07,0:01:44,103.778,103778,00:01:43:19,0:00:00,0.467,467,00:00:00:11,,,,laqapasqo:'yá:'w,laqapas-qo:'-yá:'-w,laqapas-qo:'-a:'-'w,V.recognize-3PL-IPFV-1SBJ.PL [PRES],V.recognize-3PL-IPFV-1SBJ.PL [PRES],
0:01:44,103.778,103778,00:01:43:19,0:01:44,104.245,104245,00:01:44:06,0:00:00,0.467,467,00:00:00:11,,,,niwatiyá,ni-watiyá,ni-watiyá,NEG-similar,NEG-similar,
0:01:44,104.245,104245,00:01:44:06,0:01:45,104.712,104712,00:01:44:17,0:00:00,0.467,467,00:00:00:11,,,,maski,maski,maski,although,although,
0:01:45,104.712,104712,00:01:44:17,0:01:49,108.741,108741,00:01:48:18,0:00:04,4.029,4029,00:00:04:00,APG,"watiyá wa: n tasiyíy, wa: n pii talaqpali:yi lantla xa..., xaki'wi'.","sean muy similares, pero la planta entera tiene algún rasgo característico.",,,,,,
0:01:45,104.712,104712,00:01:44:17,0:01:45,105.078,105078,00:01:45:01,0:00:00,0.366,366,00:00:00:09,,,,watiyá,watiyá,watiyá',similar,similar,
0:01:45,105.078,105078,00:01:45:01,0:01:45,105.444,105444,00:01:45:11,0:00:00,0.366,366,00:00:00:09,,,,wa:,wa:,wa:,FOC,FOC,
0:01:45,105.444,105444,00:01:45:11,0:01:46,105.81,105810,00:01:45:20,0:00:00,0.366,366,00:00:00:09,,,,n,n,n,EPEN,EPEN,
0:01:46,105.81,105810,00:01:45:20,0:01:46,106.177,106177,00:01:46:04,0:00:00,0.367,367,00:00:00:09,,,,tasiyíy,ta-siyí-y,ta-siyi-a:',INC-V.see-IPFV [3SBJ.SG PRES],INC-V.see-IPFV [3SBJ.SG PRES],
0:01:46,106.177,106177,00:01:46:04,0:01:47,106.543,106543,00:01:46:13,0:00:00,0.366,366,00:00:00:09,,,,wa:,wa:,wa:,FOC,FOC,
0:01:47,106.543,106543,00:01:46:13,0:01:47,106.909,106909,00:01:46:22,0:00:00,0.366,366,00:00:00:09,,,,n,n,n,EPEN,EPEN,
0:01:47,106.909,106909,00:01:46:22,0:01:47,107.275,107275,00:01:47:06,0:00:00,0.366,366,00:00:00:09,,,,pi,pi,pi,COMP,COMP,
0:01:47,107.275,107275,00:01:47:06,0:01:48,107.642,107642,00:01:47:16,0:00:00,0.367,367,00:00:00:09,,,,talaqpali:yi,talaqpali:-y-i,talaqpali:-a:',V.change-IPFV-JNCT [3SBJ.SG PRES],V.change-IPFV [3SBJ.SG PRES],
0:01:48,107.642,107642,00:01:47:16,0:01:48,108.008,108008,00:01:48:00,0:00:00,0.366,366,00:00:00:09,,,,lantla,lantla,lantlah,like,like,
0:01:48,108.008,108008,00:01:48:00,0:01:48,108.374,108374,00:01:48:09,0:00:00,0.366,366,00:00:00:09,,,,"xa...,",xa-[FS],xa-[FS],DEF-[FS],DEF-[FS],
0:01:48,108.374,108374,00:01:48:09,0:01:49,108.741,108741,00:01:48:18,0:00:00,0.367,367,00:00:00:09,,,,xaki'wi',xa-ki'wi',xa-ki'wi',DEF-tree,DEF-tree,
0:01:49,108.741,108741,00:01:48:18,0:01:51,110.744,110744,00:01:50:18,0:00:02,2.003,2003,00:00:02:00,ESP,"Xli:ka:na n ti: kilhwampa:'t, luwa","Lo que dices es muy cierto,",,,,,,
0:01:49,108.741,108741,00:01:48:18,0:01:49,109.141,109141,00:01:49:03,0:00:00,0.4,400,00:00:00:10,,,,Xli:ka:na,xli:ka:na,xli:ka:nah,true,true,
0:01:49,109.141,109141,00:01:49:03,0:01:50,109.542,109542,00:01:49:13,0:00:00,0.401,401,00:00:00:10,,,,n,n,n,EPEN,EPEN,
0:01:50,109.542,109542,00:01:49:13,0:01:50,109.942,109942,00:01:49:23,0:00:00,0.4,400,00:00:00:10,,,,ti:,ti:,ti:,HREL,HREL,
0:01:50,109.942,109942,00:01:49:23,0:01:50,110.343,110343,00:01:50:08,0:00:00,0.401,401,00:00:00:10,,,,kilhwampa:'t,kilh-wám-pa:'-t,kilh.wan-pa:'-t,mouth-V.say-PROG.2SBJ-2SBJ.SG,mouth-V.say-PROG.2SBJ-2SBJ.SG,
0:01:50,110.343,110343,00:01:50:08,0:01:51,110.744,110744,00:01:50:18,0:00:00,0.401,401,00:00:00:10,,,,luwa,luwa,luwa,very,very,
0:01:51,110.744,110744,00:01:50:18,0:01:53,113.347,113347,00:01:53:08,0:00:03,2.603,2603,00:00:02:15,ESP,lu:xatalalúqtati lantla kilhwámpa:'ti lantla,es muy acertado tu comentario acerca de,,,,,,
0:01:51,110.744,110744,00:01:50:18,0:01:51,111.394,111394,00:01:51:09,0:00:01,0.65,650,00:00:00:16,,,,lu:xatalalúqtati,lu:-xa-talalúqtat-i,lu:-xa-talaluqtat,INTNS-DEF-true-JNCT,INTNS-DEF-true,
0:01:51,111.394,111394,00:01:51:09,0:01:52,112.045,112045,00:01:52:01,0:00:01,0.651,651,00:00:00:16,,,,lantla,lantla,lantlah,like,like,
0:01:52,112.045,112045,00:01:52:01,0:01:53,112.696,112696,00:01:52:17,0:00:01,0.651,651,00:00:00:16,,,,kilhwámpa:'ti,kilh-wám-pa:'-t-i,kilh.wan-pa:'-t,mouth-V.say-PROG.2SBJ-2SBJ.SG-JNCT,mouth-V.say-PROG.2SBJ-2SBJ.SG,
0:01:53,112.696,112696,00:01:52:17,0:01:53,113.347,113347,00:01:53:08,0:00:01,0.651,651,00:00:00:16,,,,lantla,lantla,lantlah,like,like,
0:01:53,113.347,113347,00:01:53:08,0:01:55,114.859,114859,00:01:54:21,0:00:02,1.512,1512,00:00:01:12,ESP,watiyá n tasiyiyi nayi chu:,que son muy similares como,,,,,,
0:01:53,113.347,113347,00:01:53:08,0:01:54,113.649,113649,00:01:53:16,0:00:00,0.302,302,00:00:00:07,,,,watiyá,watiyá,watiyá',similar,similar,
0:01:54,113.649,113649,00:01:53:16,0:01:54,113.951,113951,00:01:53:23,0:00:00,0.302,302,00:00:00:07,,,,n,n,n,EPEN,EPEN,
0:01:54,113.951,113951,00:01:53:23,0:01:54,114.254,114254,00:01:54:06,0:00:00,0.303,303,00:00:00:07,,,,tasiyiyi,ta-siyi-y-i,ta-siyi-a:',INC-V.see-IPFV-JNCT [3SBJ.SG PRES],INC-V.see-IPFV [3SBJ.SG PRES],
0:01:54,114.254,114254,00:01:54:06,0:01:55,114.556,114556,00:01:54:13,0:00:00,0.302,302,00:00:00:07,,,,nayi,nayi,nayi,as,as,
0:01:55,114.556,114556,00:01:54:13,0:01:55,114.859,114859,00:01:54:21,0:00:00,0.303,303,00:00:00:07,,,,chu:,chu:,chu:,PTCL,PTCL,
0:01:55,114.859,114859,00:01:54:21,0:01:58,117.523,117523,00:01:57:13,0:00:03,2.664,2664,00:00:02:16,ESP,n pu:tlawapalaqo:'kán n pala chí'ki'chi' n pi luwa,"el chí'ki'chi' (Canna spp.), otro tipo usado como pero",,,,,,
0:01:55,114.859,114859,00:01:54:21,0:01:55,115.192,115192,00:01:55:04,0:00:00,0.333,333,00:00:00:08,,,,n,n,n,EPEN,EPEN,
0:01:55,115.192,115192,00:01:55:04,0:01:56,115.525,115525,00:01:55:13,0:00:00,0.333,333,00:00:00:08,,,,pu:tlawapalaqo:'kán,pu:-tlawa-pala-qo:'-kán,pu:-tlawa-pala-qo:'-kan,CNTR-V.do-RPT-3PL-INDEF,CNTR-V.do-RPT-3PL-INDEF,
0:01:56,115.525,115525,00:01:55:13,0:01:56,115.858,115858,00:01:55:21,0:00:00,0.333,333,00:00:00:08,,,,n,n,n,EPEN,EPEN,
0:01:56,115.858,115858,00:01:55:21,0:01:56,116.191,116191,00:01:56:04,0:00:00,0.333,333,00:00:00:08,,,,pala,pala,pala,CONJ,CONJ,
0:01:56,116.191,116191,00:01:56:04,0:01:57,116.524,116524,00:01:56:13,0:00:00,0.333,333,00:00:00:08,,,,chí'ki'chi',chí'ki'chi',chí'ki'chi',Canna.tuerckheimii,Canna.tuerckheimii,
0:01:57,116.524,116524,00:01:56:13,0:01:57,116.857,116857,00:01:56:21,0:00:00,0.333,333,00:00:00:08,,,,n,n,n,EPEN,EPEN,
0:01:57,116.857,116857,00:01:56:21,0:01:57,117.19,117190,00:01:57:04,0:00:00,0.333,333,00:00:00:08,,,,pi,pi,pi,COMP,COMP,
0:01:57,117.19,117190,00:01:57:04,0:01:58,117.523,117523,00:01:57:13,0:00:00,0.333,333,00:00:00:08,,,,luwa,luwa,luwa,very,very,
0:01:58,117.523,117523,00:01:57:13,0:01:59,119.018,119018,00:01:59:00,0:00:01,1.495,1495,00:00:01:12,ESP,talaqpali:yi lantla kilhwampa:'t,cambia como bien lo dices,,,,,,
0:01:58,117.523,117523,00:01:57:13,0:01:58,118.021,118021,00:01:58:00,0:00:00,0.498,498,00:00:00:12,,,,talaqpali:yi,talaqpali:-y-i,talaqpali:-a:',V.change-IPFV-JNCT [3SBJ.SG PRES],V.change-IPFV [3SBJ.SG PRES],
0:01:58,118.021,118021,00:01:58:00,0:01:59,118.519,118519,00:01:58:12,0:00:00,0.498,498,00:00:00:12,,,,lantla,lantla,lantlah,like,like,
0:01:59,118.519,118519,00:01:58:12,0:01:59,119.018,119018,00:01:59:00,0:00:00,0.499,499,00:00:00:12,,,,kilhwampa:'t,kilh-wám-pa:'-t,kilh.wan-pa:'-t,mouth-V.say-PROG.2SBJ-2SBJ.SG,mouth-V.say-PROG.2SBJ-2SBJ.SG,
0:01:59,119.018,119018,00:01:59:00,0:02:01,121.471,121471,00:02:01:11,0:00:02,2.453,2453,00:00:02:11,ESP,lu:xli:xlitá n chu: lantla n chu: xtakawaní'.,cada uno tiene sus particularidades.,,,,,,
0:01:59,119.018,119018,00:01:59:00,0:01:59,119.368,119368,00:01:59:09,0:00:00,0.35,350,00:00:00:08,,,,lu:xli:xlitá,lu:-xli:xli-tá,lu:-xli:xli-tá',INTNS-many-ALRD,INTNS-many-ALRD,
0:01:59,119.368,119368,00:01:59:09,0:02:00,119.718,119718,00:01:59:17,0:00:00,0.35,350,00:00:00:08,,,,n,n,n,EPEN,EPEN,
0:02:00,119.718,119718,00:01:59:17,0:02:00,120.069,120069,00:02:00:01,0:00:00,0.351,351,00:00:00:08,,,,chu:,chu:,chu:,PTCL,PTCL,
0:02:00,120.069,120069,00:02:00:01,0:02:00,120.419,120419,00:02:00:10,0:00:00,0.35,350,00:00:00:08,,,,lantla,lantla,lantlah,like,like,
0:02:00,120.419,120419,00:02:00:10,0:02:01,120.77,120770,00:02:00:19,0:00:00,0.351,351,00:00:00:08,,,,n,n,n,EPEN,EPEN,
0:02:01,120.77,120770,00:02:00:19,0:02:01,121.12,121120,00:02:01:03,0:00:00,0.35,350,00:00:00:08,,,,chu:,chu:,chu:,PTCL,PTCL,
0:02:01,121.12,121120,00:02:01:03,0:02:01,121.471,121471,00:02:01:11,0:00:00,0.351,351,00:00:00:08,,,,xtakawaní',x-takawaní',x-takawaní',3POSS-name,3POSS-name,
0:02:01,121.471,121471,00:02:01:11,0:02:03,122.985,122985,00:02:02:24,0:00:02,1.514,1514,00:00:01:12,APG,"Xli:ka:na xa nayi kilhwamá:'w,","Lo que decimos es muy cierto,",,,,,,
0:02:01,121.471,121471,00:02:01:11,0:02:02,121.849,121849,00:02:01:21,0:00:00,0.378,378,00:00:00:09,,,,Xli:ka:na,xli:ka:na,xli:ka:nah,true,true,
0:02:02,121.849,121849,00:02:01:21,0:02:02,122.228,122228,00:02:02:05,0:00:00,0.379,379,00:00:00:09,,,,xa,xa,xa',PRN.3SBJ.SG,PRN.3SBJ.SG,
0:02:02,122.228,122228,00:02:02:05,0:02:03,122.606,122606,00:02:02:15,0:00:00,0.378,378,00:00:00:09,,,,nayi,nayi,nayi,as,as,
0:02:03,122.606,122606,00:02:02:15,0:02:03,122.985,122985,00:02:02:24,0:00:00,0.379,379,00:00:00:09,,,,kilhwamá:'w,kilh-wa-má:'-w,kilh-wan-ma:'-'w,mouth-V.say-PROG-1SBJ.PL,mouth-V.say-PROG-1SBJ.PL,
0:02:03,122.985,122985,00:02:02:24,0:02:07,127.329,127329,00:02:07:08,0:00:04,4.344,4344,00:00:04:08,APG,"pus nima:x á:watiya lhu:wa xatachiwi:ni iyma: n tawa:'ni li:wa:pan waniyá:'w,","creo que no hay más de que hablar acerca de esta hierba que llamamos li:wa:pan,",,,,,,
0:02:03,122.985,122985,00:02:02:24,0:02:03,123.419,123419,00:02:03:10,0:00:00,0.434,434,00:00:00:10,,,,pus,pus,pus,INTJ,INTJ,
0:02:03,123.419,123419,00:02:03:10,0:02:04,123.853,123853,00:02:03:21,0:00:00,0.434,434,00:00:00:10,,,,nima:x,ni-ma:x,ni-ma:x,NEG-DUB,NEG-DUB,
0:02:04,123.853,123853,00:02:03:21,0:02:04,124.288,124288,00:02:04:07,0:00:00,0.435,435,00:00:00:10,,,,á:watiya,á:watiya,á:watiya',extremely,extremely,
0:02:04,124.288,124288,00:02:04:07,0:02:05,124.722,124722,00:02:04:18,0:00:00,0.434,434,00:00:00:10,,,,lhu:wa,lhu:wa,lhu:wa',many,many,
0:02:05,124.722,124722,00:02:04:18,0:02:05,125.157,125157,00:02:05:03,0:00:00,0.435,435,00:00:00:10,,,,xatachiwi:ni,xa-ta-chiwi:-n-i,xa-ta-chiwi:-n,DEF-INC-V.say-DVB-JNCT,DEF-INC-V.say-DVB,
0:02:05,125.157,125157,00:02:05:03,0:02:06,125.591,125591,00:02:05:14,0:00:00,0.434,434,00:00:00:10,,,,iyma:,iyma:,iyma:,DEM,DEM,
0:02:06,125.591,125591,00:02:05:14,0:02:06,126.025,126025,00:02:06:00,0:00:00,0.434,434,00:00:00:10,,,,n,n,n,EPEN,EPEN,
0:02:06,126.025,126025,00:02:06:00,0:02:06,126.46,126460,00:02:06:11,0:00:00,0.435,435,00:00:00:10,,,,tawa:'ni,tawa:'n-i,tawa:'n,plant-JNCT,plant,
0:02:06,126.46,126460,00:02:06:11,0:02:07,126.894,126894,00:02:06:22,0:00:00,0.434,434,00:00:00:10,,,,li:wa:pan,li:wa:pan,li:wa:pan,Heliconia.schiedeana,Heliconia.schiedeana,
0:02:07,126.894,126894,00:02:06:22,0:02:07,127.329,127329,00:02:07:08,0:00:00,0.435,435,00:00:00:10,,,,waniyá:'w,wa-ni-yá:'-w,wan-ni-a:'-'w,V.say-DAT-IPFV-1SBJ.PL,V.say-DAT-IPFV-1SBJ.PL,
0:02:07,127.329,127329,00:02:07:08,0:02:11,130.689,130689,00:02:10:17,0:00:03,3.36,3360,00:00:03:09,APG,pus iyma: ma:nwá ma:xi n tu: li:qalhchiwi:nani:'ta'wi n tu: kini n katsi:yá:'w.,creo es todo lo que hemos comentado.,,,,,,
0:02:07,127.329,127329,00:02:07:08,0:02:08,127.609,127609,00:02:07:15,0:00:00,0.28,280,00:00:00:07,,,,pus,pus,pus,INTJ,INTJ,
0:02:08,127.609,127609,00:02:07:15,0:02:08,127.889,127889,00:02:07:22,0:00:00,0.28,280,00:00:00:07,,,,iyma:,iyma:,iyma:,DEM,DEM,
0:02:08,127.889,127889,00:02:07:22,0:02:08,128.169,128169,00:02:08:04,0:00:00,0.28,280,00:00:00:07,,,,ma:nwá,ma:nwá,ma:nwá',only,only,
0:02:08,128.169,128169,00:02:08:04,0:02:08,128.449,128449,00:02:08:11,0:00:00,0.28,280,00:00:00:07,,,,ma:xi,ma:x-i,ma:x,DUB-JNCT,DUB,
0:02:08,128.449,128449,00:02:08:11,0:02:09,128.729,128729,00:02:08:18,0:00:00,0.28,280,00:00:00:07,,,,n,n,n,EPEN,EPEN,
0:02:09,128.729,128729,00:02:08:18,0:02:09,129.009,129009,00:02:09:00,0:00:00,0.28,280,00:00:00:07,,,,tu:,tu:,tu:,NREL,NREL,
0:02:09,129.009,129009,00:02:09:00,0:02:09,129.289,129289,00:02:09:07,0:00:00,0.28,280,00:00:00:07,,,,li:qalhchiwi:nani:'ta'wi,li:-qalh-chiwi:-na-ni:'ta-'w-i,li:-qalh-chiwi:-nan-ni:'t-'w,INS-mouth-V.talk-ANTIP-PRF-1SBJ.PL-JNCT,INS-mouth-V.talk-ANTIP-PRF-1SBJ.PL,
0:02:09,129.289,129289,00:02:09:07,0:02:10,129.569,129569,00:02:09:14,0:00:00,0.28,280,00:00:00:07,,,,n,n,n,EPEN,EPEN,
0:02:10,129.569,129569,00:02:09:14,0:02:10,129.849,129849,00:02:09:21,0:00:00,0.28,280,00:00:00:07,,,,tu:,tu:,tu:,NREL,NREL,
0:02:10,129.849,129849,00:02:09:21,0:02:10,130.129,130129,00:02:10:03,0:00:00,0.28,280,00:00:00:07,,,,kini,kin-i,kin,PRN.1SBJ.PL-JNCT,PRN.1SBJ.PL,
0:02:10,130.129,130129,00:02:10:03,0:02:10,130.409,130409,00:02:10:10,0:00:00,0.28,280,00:00:00:07,,,,n,n,n,EPEN,EPEN,
0:02:10,130.409,130409,00:02:10:10,0:02:11,130.689,130689,00:02:10:17,0:00:00,0.28,280,00:00:00:07,,,,katsi:yá:'w,katsi:-yá:'-w,katsi:-á:'-'w,V.know-IPFV-1SBJ.PL,V.know-IPFV-1SBJ.PL,
0:02:11,130.689,130689,00:02:10:17,0:02:14,134.158,134158,00:02:14:03,0:00:03,3.469,3469,00:00:03:11,ESP,"Xli:ka:na, ma:ná kini kawa:'wi wa: n tu: n pi katsi:yá:'w wa: n tu: n pi","Cierto, sólo digamos lo que sabemos",,,,,,
0:02:11,130.689,130689,00:02:10:17,0:02:11,130.92,130920,00:02:10:23,0:00:00,0.231,231,00:00:00:05,,,,Xli:ka:na,xli:ka:na,xli:ka:nah,true,true,
0:02:11,130.92,130920,00:02:10:23,0:02:11,131.151,131151,00:02:11:03,0:00:00,0.231,231,00:00:00:05,,,,ma:ná,ma:ná,ma:ná',only,only,
0:02:11,131.151,131151,00:02:11:03,0:02:11,131.382,131382,00:02:11:09,0:00:00,0.231,231,00:00:00:05,,,,kini,kin-i,kin,PRN.1SBJ.PL-JNCT,PRN.1SBJ.PL,
0:02:11,131.382,131382,00:02:11:09,0:02:12,131.614,131614,00:02:11:15,0:00:00,0.232,232,00:00:00:05,,,,kawa:'wi,ka-wa:-'w-i,ka-wan-'w,IRR-Vsay-1SBJ.PL-JNCT [PRES IPFV],IRR-Vsay-1SBJ.PL [PRES IPFV],
0:02:12,131.614,131614,00:02:11:15,0:02:12,131.845,131845,00:02:11:21,0:00:00,0.231,231,00:00:00:05,,,,wa:,wa:,wa:,FOC,FOC,
0:02:12,131.845,131845,00:02:11:21,0:02:12,132.076,132076,00:02:12:01,0:00:00,0.231,231,00:00:00:05,,,,n,n,n,EPEN,EPEN,
0:02:12,132.076,132076,00:02:12:01,0:02:12,132.307,132307,00:02:12:07,0:00:00,0.231,231,00:00:00:05,,,,tu:,tu:,tu:,NREL,NREL,
0:02:12,132.307,132307,00:02:12:07,0:02:13,132.539,132539,00:02:12:13,0:00:00,0.232,232,00:00:00:05,,,,n,n,n,EPEN,EPEN,
0:02:13,132.539,132539,00:02:12:13,0:02:13,132.77,132770,00:02:12:19,0:00:00,0.231,231,00:00:00:05,,,,pi,pi,pi,COMP,COMP,
0:02:13,132.77,132770,00:02:12:19,0:02:13,133.001,133001,00:02:13:00,0:00:00,0.231,231,00:00:00:05,,,,katsi:yá:'w,katsi:-yá:'-w,katsi:-á:'-'w,V.know-IPFV-1SBJ.PL,V.know-IPFV-1SBJ.PL,
0:02:13,133.001,133001,00:02:13:00,0:02:13,133.232,133232,00:02:13:05,0:00:00,0.231,231,00:00:00:05,,,,wa:,wa:,wa:,FOC,FOC,
0:02:13,133.232,133232,00:02:13:05,0:02:13,133.464,133464,00:02:13:11,0:00:00,0.232,232,00:00:00:05,,,,n,n,n,EPEN,EPEN,
0:02:13,133.464,133464,00:02:13:11,0:02:14,133.695,133695,00:02:13:17,0:00:00,0.231,231,00:00:00:05,,,,tu:,tu:,tu:,NREL,NREL,
0:02:14,133.695,133695,00:02:13:17,0:02:14,133.926,133926,00:02:13:23,0:00:00,0.231,231,00:00:00:05,,,,n,n,n,EPEN,EPEN,
0:02:14,133.926,133926,00:02:13:23,0:02:14,134.158,134158,00:02:14:03,0:00:00,0.232,232,00:00:00:05,,,,pi,pi,pi,COMP,COMP,
0:02:14,134.158,134158,00:02:14:03,0:02:17,136.947,136947,00:02:16:23,0:00:03,2.789,2789,00:00:02:19,ESP,"li:maklakaskín, li:ka:xtlawa:nankani xaxanat","o usamos, como las flores para ornamento",,,,,,
0:02:14,134.158,134158,00:02:14:03,0:02:15,135.087,135087,00:02:15:02,0:00:01,0.929,929,00:00:00:23,,,,li:maklakaskín,li:-mak-lakaskín,li-mak-lakaskin-a:',INS-body-V.use [3SBJ.SG PRES IPFV],INS-body-V.use-IPFV [3SBJ.SG PRES],
0:02:15,135.087,135087,00:02:15:02,0:02:16,136.017,136017,00:02:16:00,0:00:01,0.93,930,00:00:00:23,,,,li:ka:xtlawa:nankani,li:-ka:xtlawa:nan-kan-i,li:-ka:xtlawa:nan-kan,INS-V.decorate-INDEF-JNCT,INS-V.decorate-INDEF,
0:02:16,136.017,136017,00:02:16:00,0:02:17,136.947,136947,00:02:16:23,0:00:01,0.93,930,00:00:00:23,,,,xaxanat,xa-xanat,xa-xanat,DEF-flower,DEF-flower,
0:02:17,136.947,136947,00:02:16:23,0:02:20,140.19,140190,00:02:20:04,0:00:03,3.243,3243,00:00:03:06,ESP,"n chu: li:maklakaskinkani n pala kinchu:wkani na...,",y para envolver los tamales,,,,,,
0:02:17,136.947,136947,00:02:16:23,0:02:17,137.41,137410,00:02:17:10,0:00:00,0.463,463,00:00:00:11,,,,n,n,n,EPEN,EPEN,
0:02:17,137.41,137410,00:02:17:10,0:02:18,137.873,137873,00:02:17:21,0:00:00,0.463,463,00:00:00:11,,,,chu:,chu:,chu:,PTCL,PTCL,
0:02:18,137.873,137873,00:02:17:21,0:02:18,138.336,138336,00:02:18:08,0:00:00,0.463,463,00:00:00:11,,,,li:maklakaskinkani,li-mak-lakaskin-kan-i,li-mak-lakaskin-kan,INS-body-V.use-INDEF-JNCT,INS-body-V.use-INDEF,
0:02:18,138.336,138336,00:02:18:08,0:02:19,138.8,138800,00:02:18:20,0:00:00,0.464,464,00:00:00:11,,,,n,n,n,EPEN,EPEN,
0:02:19,138.8,138800,00:02:18:20,0:02:19,139.263,139263,00:02:19:06,0:00:00,0.463,463,00:00:00:11,,,,pala,pala,pala,CONJ,CONJ,
0:02:19,139.263,139263,00:02:19:06,0:02:20,139.726,139726,00:02:19:18,0:00:00,0.463,463,00:00:00:11,,,,kinchu:wkani,kin-chu:w-kan-i,kin-chu:w-kan,1POSS-tortilla-PL.POSS-JNCT,1POSS-tortilla-PL.POSS,
0:02:20,139.726,139726,00:02:19:18,0:02:20,140.19,140190,00:02:20:04,0:00:00,0.464,464,00:00:00:11,,,,"na...,",na-,na-,FUT-,FUT-,
0:02:20,140.19,140190,00:02:20:04,0:02:22,141.654,141654,00:02:21:16,0:00:01,1.464,1464,00:00:01:11,ESP,"na..., natlawaya'.",que elaboramos.,,,,,,
0:02:20,140.19,140190,00:02:20:04,0:02:21,140.922,140922,00:02:20:23,0:00:01,0.732,732,00:00:00:18,,,,"na...,",na-,na-,FUT-,FUT-,
0:02:21,140.922,140922,00:02:20:23,0:02:22,141.654,141654,00:02:21:16,0:00:01,0.732,732,00:00:00:18,,,,natlawaya',na-tlawa-ya-',na-tlawa-a:'-',FUT-V.do.-IPFV-2SBJ.SG,FUT-V.do.-IPFV-2SBJ.SG,
0:02:22,141.654,141654,00:02:21:16,0:02:27,147.256,147256,00:02:27:06,0:00:06,5.602,5602,00:00:05:15,APG,"Xli:ka:na lantla la:wanini:tá'w, pus nixa lhu:wa xatachiwí:n. Wa: kiti n kintakawaní', Areli Ponce García.","Lo que hemos dicho es verdad, no hay más que decir. Mi nombre es Areli Ponce García.",,,,,,
0:02:22,141.654,141654,00:02:21:16,0:02:22,142.054,142054,00:02:22:01,0:00:00,0.4,400,00:00:00:10,,,,Xli:ka:na,xli:ka:na,xli:ka:nah,true,true,
0:02:22,142.054,142054,00:02:22:01,0:02:22,142.454,142454,00:02:22:11,0:00:00,0.4,400,00:00:00:10,,,,lantla,lantla,lantlah,like,like,
0:02:22,142.454,142454,00:02:22:11,0:02:23,142.854,142854,00:02:22:21,0:00:00,0.4,400,00:00:00:10,,,,la:wanini:tá'w,#N/A,#N/A,#N/A,#N/A,#N/A
0:02:23,142.854,142854,00:02:22:21,0:02:23,143.254,143254,00:02:23:06,0:00:00,0.4,400,00:00:00:10,,,,pus,pus,pus,INTJ,INTJ,
0:02:23,143.254,143254,00:02:23:06,0:02:24,143.654,143654,00:02:23:16,0:00:00,0.4,400,00:00:00:10,,,,"nixa...,",ni-xa-[FS],ni-xa-[FS],NEG-DEF-[FS],NEG-DEF-[FS],
0:02:24,143.654,143654,00:02:23:16,0:02:24,144.054,144054,00:02:24:01,0:00:00,0.4,400,00:00:00:10,,,,lhu:wa,lhu:wa,lhu:wa',many,many,
0:02:24,144.054,144054,00:02:24:01,0:02:24,144.455,144455,00:02:24:11,0:00:00,0.401,401,00:00:00:10,,,,xatachiwí:n,xa-ta-chiwi:-n,xa-ta-chiwi:-n,DEF-INC-V.say-DVB,DEF-INC-V.say-DVB,
0:02:24,144.455,144455,00:02:24:11,0:02:25,144.855,144855,00:02:24:21,0:00:00,0.4,400,00:00:00:10,,,,Wa:,wa:,wa:,FOC,FOC,
0:02:25,144.855,144855,00:02:24:21,0:02:25,145.255,145255,00:02:25:06,0:00:00,0.4,400,00:00:00:10,,,,kiti,kit-i,kit,PRN.1SBJ.SG-JNCT,PRN.1SBJ.SG,
0:02:25,145.255,145255,00:02:25:06,0:02:26,145.655,145655,00:02:25:16,0:00:00,0.4,400,00:00:00:10,,,,n,n,n,EPEN,EPEN,
0:02:26,145.655,145655,00:02:25:16,0:02:26,146.055,146055,00:02:26:01,0:00:00,0.4,400,00:00:00:10,,,,kintakawaní',kin-takawaní',kin-takawaní',1POSS-name,1POSS-name,
0:02:26,146.055,146055,00:02:26:01,0:02:26,146.455,146455,00:02:26:11,0:00:00,0.4,400,00:00:00:10,,,,Areli,Areli,Areli,Areli,Areli,
0:02:26,146.455,146455,00:02:26:11,0:02:27,146.855,146855,00:02:26:21,0:00:00,0.4,400,00:00:00:10,,,,Ponce,Ponce,Ponce,Ponce,Ponce,
0:02:27,146.855,146855,00:02:26:21,0:02:27,147.256,147256,00:02:27:06,0:00:00,0.401,401,00:00:00:10,,,,García,García,García,García,García,
0:02:27,147.256,147256,00:02:27:06,0:02:30,150.48,150480,00:02:30:12,0:00:03,3.224,3224,00:00:03:05,ESP,"Xli:ka:na, ma:ná iyma: n tu: li:chiwi:nani:'tá'w nilhu:wa tachiwí:n.","Cierto, esto es todo lo que hemos comentado.",,,,,,
0:02:27,147.256,147256,00:02:27:06,0:02:28,147.659,147659,00:02:27:16,0:00:00,0.403,403,00:00:00:10,,,,Xli:ka:na,xli:ka:na,xli:ka:nah,true,true,
0:02:28,147.659,147659,00:02:27:16,0:02:28,148.062,148062,00:02:28:01,0:00:00,0.403,403,00:00:00:10,,,,ma:ná,ma:ná,ma:ná',only,only,
0:02:28,148.062,148062,00:02:28:01,0:02:28,148.465,148465,00:02:28:11,0:00:00,0.403,403,00:00:00:10,,,,iyma:,iyma:,iyma:,DEM,DEM,
0:02:28,148.465,148465,00:02:28:11,0:02:29,148.868,148868,00:02:28:21,0:00:00,0.403,403,00:00:00:10,,,,n,n,n,EPEN,EPEN,
0:02:29,148.868,148868,00:02:28:21,0:02:29,149.271,149271,00:02:29:06,0:00:00,0.403,403,00:00:00:10,,,,tu:,tu:,tu:,NREL,NREL,
0:02:29,149.271,149271,00:02:29:06,0:02:30,149.674,149674,00:02:29:16,0:00:00,0.403,403,00:00:00:10,,,,li:chiwi:nani:'tá'w,li:-chiwi:-nan-i:'ta-'w,li:-chiwi:-nan-ni:'t-'w,INS-V.talk-ANTIP-PRF-1SBJ.PL,INS-V.talk-ANTIP-PRF-1SBJ.PL,
0:02:30,149.674,149674,00:02:29:16,0:02:30,150.077,150077,00:02:30:01,0:00:00,0.403,403,00:00:00:10,,,,nilhu:wa,ni-lhu:wa,ni-lhu:wa',NEG-many,NEG-many,
0:02:30,150.077,150077,00:02:30:01,0:02:30,150.48,150480,00:02:30:12,0:00:00,0.403,403,00:00:00:10,,,,tachiwí:n,ta-chiwí:-n,ta-chiwi:-n,INC-V.say-DVB,INC-V.say-DVB,
0:02:30,150.48,150480,00:02:30:12,0:02:35,155.106,155106,00:02:35:02,0:00:05,4.626,4626,00:00:04:15,ESP,"Wa: kiti n kiwanikán, Epifania Sáhinos Pérez.",Yo me llamo Epifania Sáhinos Pérez.,,,,,,
0:02:30,150.48,150480,00:02:30:12,0:02:31,151.14,151140,00:02:31:03,0:00:01,0.66,660,00:00:00:16,,,,Wa:,wa:,wa:,FOC,FOC,
0:02:31,151.14,151140,00:02:31:03,0:02:32,151.801,151801,00:02:31:20,0:00:01,0.661,661,00:00:00:16,,,,kiti,kit-i,kit,PRN.1SBJ.SG-JNCT,PRN.1SBJ.SG,
0:02:32,151.801,151801,00:02:31:20,0:02:32,152.462,152462,00:02:32:11,0:00:01,0.661,661,00:00:00:16,,,,n,n,n,EPEN,EPEN,
0:02:32,152.462,152462,00:02:32:11,0:02:33,153.123,153123,00:02:33:03,0:00:01,0.661,661,00:00:00:16,,,,kiwanikán,ki-wa-ni-kán,ki-wan-ni-kan,1OBJ-V.say-DAT-REFL,1OBJ-V.say-DAT-REFL,
0:02:33,153.123,153123,00:02:33:03,0:02:34,153.784,153784,00:02:33:19,0:00:01,0.661,661,00:00:00:16,,,,Epifania,Epifania,Epifania,Epifania,Epifania,
0:02:34,153.784,153784,00:02:33:19,0:02:34,154.445,154445,00:02:34:11,0:00:01,0.661,661,00:00:00:16,,,,Sáhinos,Sáhinos,Sáhinos,Sáhinos,Sáhinos,
0:02:34,154.445,154445,00:02:34:11,0:02:35,155.106,155106,00:02:35:02,0:00:01,0.661,661,00:00:00:16,,,,Pérez,Pérez,Pérez,Pérez,Pérez,