Begin Time - hh:mm:ss.ms,Begin Time - ss.msec,Begin Time - msec,Begin Time - PAL,End Time - hh:mm:ss.ms,End Time - ss.msec,End Time - msec,End Time - PAL,Duration - hh:mm:ss.ms,Duration - ss.msec,Duration - msec,Duration - PAL,Epifania Sáhinos Pérez ESP / Areli Ponce GArcía APG,Transcription,Translation,Tokenization,Surface Segmentation,Canonical Segmentation,Surface Glossing,Canonical Glossing,Notes,,,,,
0:00:00,0,0,00:00:00:00,0:00:04,4.094,4094,00:00:04:02,0:00:04,4.094,4094,00:00:04:02,APG,Kali:chiwi:na'wi kini n chu: iyma:,Hablemos de este,,,,,,,,,,,
0:00:00,0,0,00:00:00:00,0:00:01,0.818,818,00:00:00:20,0:00:01,0.818,818,00:00:00:20,,,,kali:chiwi:na'wi,ka-li:-chiwi:-na'-w-i,ka-li:-chiwi:-nan-'w,IRR-INS-V.talk-ANTIP-1SBJ.SG-JNCT,IRR-INS-V.talk-ANTIP-1SBJ.SG,,,,,,
0:00:01,0.818,818,00:00:00:20,0:00:02,1.637,1637,00:00:01:15,0:00:01,0.819,819,00:00:00:20,,,,kini,kin-i,kin,PRN.1SBJ.PL-JNCT,PRN.1SBJ.PL,,,,,,
0:00:02,1.637,1637,00:00:01:15,0:00:02,2.456,2456,00:00:02:11,0:00:01,0.819,819,00:00:00:20,,,,n,n,n,EPEN,EPEN,,,,,,
0:00:02,2.456,2456,00:00:02:11,0:00:03,3.275,3275,00:00:03:06,0:00:01,0.819,819,00:00:00:20,,,,chu:,chu:,chu:,PTCL,PTCL,,,,,,
0:00:03,3.275,3275,00:00:03:06,0:00:04,4.094,4094,00:00:04:02,0:00:01,0.819,819,00:00:00:20,,,,iyma:,iyma:,iyma:,DEM,DEM,,,,,,
0:00:04,4.094,4094,00:00:04:02,0:00:08,8.281,8281,00:00:08:07,0:00:04,4.187,4187,00:00:04:04,APG,"usa miya:k, usa palhma, usa tawá:'n, tu: n tla:n li:laqapasa:'wi iyma:","bejuco, hierba, hoja o como sea que conozcamos a este",,,,,,,,,,,
0:00:04,4.094,4094,00:00:04:02,0:00:04,4.474,4474,00:00:04:11,0:00:00,0.38,380,00:00:00:09,,,,usa,usa,usa,INTJ,INTJ,,,,,,
0:00:04,4.474,4474,00:00:04:11,0:00:05,4.855,4855,00:00:04:21,0:00:00,0.381,381,00:00:00:09,,,,miya:k,miya:k,miya:k,vine,vine,,,,,,
0:00:05,4.855,4855,00:00:04:21,0:00:05,5.235,5235,00:00:05:05,0:00:00,0.38,380,00:00:00:09,,,,usa,usa,usa,INTJ,INTJ,,,,,,
0:00:05,5.235,5235,00:00:05:05,0:00:06,5.616,5616,00:00:05:15,0:00:00,0.381,381,00:00:00:09,,,,palhma,palhma,palhma',plant,plant,,,,,,
0:00:06,5.616,5616,00:00:05:15,0:00:06,5.997,5997,00:00:05:24,0:00:00,0.381,381,00:00:00:09,,,,usa,usa,usa,INTJ,INTJ,,,,,,
0:00:06,5.997,5997,00:00:05:24,0:00:06,6.377,6377,00:00:06:09,0:00:00,0.38,380,00:00:00:09,,,,tawá:'n,tawá:'n,tawá:'n,plant,plant,,,,,,
0:00:06,6.377,6377,00:00:06:09,0:00:07,6.758,6758,00:00:06:18,0:00:00,0.381,381,00:00:00:09,,,,tu:,tu:,tu:,NREL,NREL,,,,,,
0:00:07,6.758,6758,00:00:06:18,0:00:07,7.139,7139,00:00:07:03,0:00:00,0.381,381,00:00:00:09,,,,n,n,n,EPEN,EPEN,,,,,,
0:00:07,7.139,7139,00:00:07:03,0:00:08,7.519,7519,00:00:07:12,0:00:00,0.38,380,00:00:00:09,,,,tla:n,tla:n,tla:n,good,good,,,,,,
0:00:08,7.519,7519,00:00:07:12,0:00:08,7.9,7900,00:00:07:22,0:00:00,0.381,381,00:00:00:09,,,,li:laqapasa:'wi,li:-laqapas-a:'-w-i,li:-laqapas-a:'-'w,INS-V.recognize-IPFV-1SBJ.PL-JNCT [PRES],INS-V.recognize-IPFV-1SBJ.PL [PRES],,,,,,
0:00:08,7.9,7900,00:00:07:22,0:00:08,8.281,8281,00:00:08:07,0:00:00,0.381,381,00:00:00:09,,,,iyma:,iyma:,iyma:,DEM,DEM,,,,,,
0:00:08,8.281,8281,00:00:08:07,0:00:10,9.86,9860,00:00:09:21,0:00:02,1.579,1579,00:00:01:14,APG,"taxa:'k wanikán,","que llaman taxa:'k (Toxicodendron radicans),",,,,,,,,,,,
0:00:08,8.281,8281,00:00:08:07,0:00:09,9.07,9070,00:00:09:01,0:00:01,0.789,789,00:00:00:19,,,,taxa:'k,taxa:'k,taxa:'k,Toxicodendron.radicans,Toxicodendron.radicans,,,,,,
0:00:09,9.07,9070,00:00:09:01,0:00:10,9.86,9860,00:00:09:21,0:00:01,0.79,790,00:00:00:19,,,,wanikán,wa-ni-kán,wan-ni-kan,V.say-DAT-REFL [3SBJ.SG PRES IPFV],V.say-DAT-REFL [3SBJ.SG PRES IPFV],,,,,,
0:00:10,9.86,9860,00:00:09:21,0:00:15,14.688,14688,00:00:14:17,0:00:05,4.828,4828,00:00:04:20,APG,"laqapasa:'wi kini iyma: n tawa:'ni n pi likwa xa ma:tsi'tsi:nán, likwa n tama:yi ktiji',","conocemos perfectamente a esta hierba que es muy dañina, se puede hallar fácilmente sobre los caminos,",,,,,,,,,,,
0:00:10,9.86,9860,00:00:09:21,0:00:10,10.204,10204,00:00:10:05,0:00:00,0.344,344,00:00:00:08,,,,laqapasa:'wi,laqapas-a:'-w-i,laqapas-a:'-'w,V.recognize-IPFV-1SBJ.PL-JNCT [PRES],V.recognize-IPFV-1SBJ.PL [PRES],,,,,,
0:00:10,10.204,10204,00:00:10:05,0:00:11,10.549,10549,00:00:10:13,0:00:00,0.345,345,00:00:00:08,,,,kini,kin-i,kin,PRN.1SBJ.PL-JNCT,PRN.1SBJ.PL,,,,,,
0:00:11,10.549,10549,00:00:10:13,0:00:11,10.894,10894,00:00:10:22,0:00:00,0.345,345,00:00:00:08,,,,iyma:,iyma:,iyma:,DEM,DEM,,,,,,
0:00:11,10.894,10894,00:00:10:22,0:00:11,11.239,11239,00:00:11:05,0:00:00,0.345,345,00:00:00:08,,,,n,n,n,EPEN,EPEN,,,,,,
0:00:11,11.239,11239,00:00:11:05,0:00:12,11.584,11584,00:00:11:14,0:00:00,0.345,345,00:00:00:08,,,,tawa:'ni,tawa:'n-i,tawa:'n,plant-JNCT,plant,,,,,,
0:00:12,11.584,11584,00:00:11:14,0:00:12,11.929,11929,00:00:11:23,0:00:00,0.345,345,00:00:00:08,,,,n,n,n,EPEN,EPEN,,,,,,
0:00:12,11.929,11929,00:00:11:23,0:00:12,12.274,12274,00:00:12:06,0:00:00,0.345,345,00:00:00:08,,,,pi,pi,pi,COMP,COMP,,,,,,
0:00:12,12.274,12274,00:00:12:06,0:00:13,12.618,12618,00:00:12:15,0:00:00,0.344,344,00:00:00:08,,,,likwa,likwa,likwa',many,many,,,,,,
0:00:13,12.618,12618,00:00:12:15,0:00:13,12.963,12963,00:00:12:24,0:00:00,0.345,345,00:00:00:08,,,,xa,xa,xa',PRN.3SBJ.SG,PRN.3SBJ.SG,,,,,,
0:00:13,12.963,12963,00:00:12:24,0:00:13,13.308,13308,00:00:13:07,0:00:00,0.345,345,00:00:00:08,,,,ma:tsi'tsi:nán,ma:-tsi'tsi:-nan,ma:-tsi'tsi:-nan,CAUS-V.pimple-ANTIP [3SBJ.SG PRES],CAUS-V.pimple-ANTIP [3SBJ.SG PRES],,,,,,
0:00:13,13.308,13308,00:00:13:07,0:00:14,13.653,13653,00:00:13:16,0:00:00,0.345,345,00:00:00:08,,,,likwa,likwa,likwa',many,many,,,,,,
0:00:14,13.653,13653,00:00:13:16,0:00:14,13.998,13998,00:00:13:24,0:00:00,0.345,345,00:00:00:08,,,,n,n,n,EPEN,EPEN,,,,,,
0:00:14,13.998,13998,00:00:13:24,0:00:14,14.343,14343,00:00:14:08,0:00:00,0.345,345,00:00:00:08,,,,tama:yi,ta-ma:-y-i,ta-ma:-a:',INC-V.lie.down-IPFV-JNCT [3SBJ.SG PRES],INC-V.lie.down-IPFV [3SBJ.SG PRES],,,,,,
0:00:14,14.343,14343,00:00:14:08,0:00:15,14.688,14688,00:00:14:17,0:00:00,0.345,345,00:00:00:08,,,,ktiji',k-tiji,k-tiji',LOC-path,LOC-path,,,,,,
0:00:15,14.688,14688,00:00:14:17,0:00:17,16.5,16500,00:00:16:12,0:00:02,1.812,1812,00:00:01:20,APG,pus ni:tú katsi:ya:'wi n pala,no sabemos,,,,,,,,,,,
0:00:15,14.688,14688,00:00:14:17,0:00:15,15.05,15050,00:00:15:01,0:00:00,0.362,362,00:00:00:09,,,,pus,pus,pus,INTJ,INTJ,,,,,,
0:00:15,15.05,15050,00:00:15:01,0:00:15,15.412,15412,00:00:15:10,0:00:00,0.362,362,00:00:00:09,,,,ni:tú,ni:tú,ni:tú',nothing,nothing,,,,,,
0:00:15,15.412,15412,00:00:15:10,0:00:16,15.775,15775,00:00:15:19,0:00:00,0.363,363,00:00:00:09,,,,katsi:ya:'wi,katsi:-yá:'-w-i,katsi:-á:'-'w,V.know-IPFV-1SBJ.PL-JNCT,V.know-IPFV-1SBJ.PL,,,,,,
0:00:16,15.775,15775,00:00:15:19,0:00:16,16.137,16137,00:00:16:03,0:00:00,0.362,362,00:00:00:09,,,,n,n,n,EPEN,EPEN,,,,,,
0:00:16,16.137,16137,00:00:16:03,0:00:17,16.5,16500,00:00:16:12,0:00:00,0.363,363,00:00:00:09,,,,pala,pala,pala,CONJ,CONJ,,,,,,
0:00:17,16.5,16500,00:00:16:12,0:00:18,18.375,18375,00:00:18:09,0:00:02,1.875,1875,00:00:01:21,APG,"n tu: a:ti:pa:'tu maklakaskinkán,","si tiene algún uso,",,,,,,,,,,,
0:00:17,16.5,16500,00:00:16:12,0:00:17,16.968,16968,00:00:16:24,0:00:00,0.468,468,00:00:00:11,,,,n,n,n,EPEN,EPEN,,,,,,
0:00:17,16.968,16968,00:00:16:24,0:00:17,17.437,17437,00:00:17:10,0:00:00,0.469,469,00:00:00:11,,,,tu:,tu:,tu:,NREL,NREL,,,,,,
0:00:17,17.437,17437,00:00:17:10,0:00:18,17.906,17906,00:00:17:22,0:00:00,0.469,469,00:00:00:11,,,,a:ti:pa:'tu,a:-ti:pa:'-tu,a:-ti:pa:'-t,ADD-CLF-one,ADD-CLF-one,,,,,,
0:00:18,17.906,17906,00:00:17:22,0:00:18,18.375,18375,00:00:18:09,0:00:00,0.469,469,00:00:00:11,,,,maklakaskinkán,mak-lakaskin-kán,mak-lakaskin-kan,body-V.use-INDEF,body-V.use-INDEF,,,,,,
0:00:18,18.375,18375,00:00:18:09,0:00:20,19.562,19562,00:00:19:14,0:00:01,1.187,1187,00:00:01:04,APG,ka wa: xa n pi,sólo que,,,,,,,,,,,
0:00:18,18.375,18375,00:00:18:09,0:00:19,18.612,18612,00:00:18:15,0:00:00,0.237,237,00:00:00:05,,,,ka,ka,kah,only,only,,,,,,
0:00:19,18.612,18612,00:00:18:15,0:00:19,18.849,18849,00:00:18:21,0:00:00,0.237,237,00:00:00:05,,,,wa:,wa:,wa:,FOC,FOC,,,,,,
0:00:19,18.849,18849,00:00:18:21,0:00:19,19.087,19087,00:00:19:02,0:00:00,0.238,238,00:00:00:05,,,,xa,xa,xa',PRN.3SBJ.SG,PRN.3SBJ.SG,,,,,,
0:00:19,19.087,19087,00:00:19:02,0:00:19,19.324,19324,00:00:19:08,0:00:00,0.237,237,00:00:00:05,,,,n,n,n,EPEN,EPEN,,,,,,
0:00:19,19.324,19324,00:00:19:08,0:00:20,19.562,19562,00:00:19:14,0:00:00,0.238,238,00:00:00:05,,,,pi,pi,pi,COMP,COMP,,,,,,
0:00:20,19.562,19562,00:00:19:14,0:00:24,24.234,24234,00:00:24:05,0:00:05,4.672,4672,00:00:04:16,APG,"lapí ninapulhiya', likwa n kaxku lhu:wani iyma: n tawa:'ni nixkatsi n pala na: laqapasa wix.","si no se corta, esta hierba se llega a multiplicar demasiado, no sé si lo conoces.",,,,,,,,,,,
0:00:20,19.562,19562,00:00:19:14,0:00:20,19.873,19873,00:00:19:21,0:00:00,0.311,311,00:00:00:07,,,,lapí,lapí,lapí,if,if,,,,,,
0:00:20,19.873,19873,00:00:19:21,0:00:20,20.184,20184,00:00:20:04,0:00:00,0.311,311,00:00:00:07,,,,ninapulhiya',ni-na-pulhi-ya-',ni-na-pulhi-a:'-',NEG-FUT-V.pluck-IPFV-2SBJ.SG,NEG-FUT-V.pluck-IPFV-2SBJ.SG,,,,,,
0:00:20,20.184,20184,00:00:20:04,0:00:20,20.496,20496,00:00:20:12,0:00:00,0.312,312,00:00:00:07,,,,likwa,likwa,likwa',many,many,,,,,,
0:00:20,20.496,20496,00:00:20:12,0:00:21,20.807,20807,00:00:20:20,0:00:00,0.311,311,00:00:00:07,,,,n,n,n,EPEN,EPEN,,,,,,
0:00:21,20.807,20807,00:00:20:20,0:00:21,21.119,21119,00:00:21:02,0:00:00,0.312,312,00:00:00:07,,,,kaxku,kaxku,kaxku,more,more,,,,,,
0:00:21,21.119,21119,00:00:21:02,0:00:21,21.43,21430,00:00:21:10,0:00:00,0.311,311,00:00:00:07,,,,lhu:wani,lhu:wa-ni,lhu:wa-n,many-PL,many-PL,,,,,,
0:00:21,21.43,21430,00:00:21:10,0:00:22,21.742,21742,00:00:21:18,0:00:00,0.312,312,00:00:00:07,,,,iyma:,iyma:,iyma:,DEM,DEM,,,,,,
0:00:22,21.742,21742,00:00:21:18,0:00:22,22.053,22053,00:00:22:01,0:00:00,0.311,311,00:00:00:07,,,,n,n,n,EPEN,EPEN,,,,,,
0:00:22,22.053,22053,00:00:22:01,0:00:22,22.365,22365,00:00:22:09,0:00:00,0.312,312,00:00:00:07,,,,tawa:'ni,tawa:'n-i,tawa:'n,plant-JNCT,plant,,,,,,
0:00:22,22.365,22365,00:00:22:09,0:00:23,22.676,22676,00:00:22:16,0:00:00,0.311,311,00:00:00:07,,,,nixkatsi,ni-x-kats-i,ni-x-kats,NEG-???-V.know-JNCT,NEG-???-V.know,,,,,,
0:00:23,22.676,22676,00:00:22:16,0:00:23,22.988,22988,00:00:22:24,0:00:00,0.312,312,00:00:00:07,,,,n,n,n,EPEN,EPEN,,,,,,
0:00:23,22.988,22988,00:00:22:24,0:00:23,23.299,23299,00:00:23:07,0:00:00,0.311,311,00:00:00:07,,,,pala,pala,pala,CONJ,CONJ,,,,,,
0:00:23,23.299,23299,00:00:23:07,0:00:24,23.611,23611,00:00:23:15,0:00:00,0.312,312,00:00:00:07,,,,na:,na:,na:,aslo,also,,,,,,
0:00:24,23.611,23611,00:00:23:15,0:00:24,23.922,23922,00:00:23:23,0:00:00,0.311,311,00:00:00:07,,,,laqapasa,laqapas-a,laqapas-a:'-',V.recognize-IPFV [2SBJ.SG PRES],V.recognize-IPFV-2SBJ.SG [PRES],,,,,,
0:00:24,23.922,23922,00:00:23:23,0:00:24,24.234,24234,00:00:24:05,0:00:00,0.312,312,00:00:00:07,,,,wix,wix,wix,PRN.2SBJ.SG,PRN.2SBJ.SG,,,,,,
0:00:24,24.234,24234,00:00:24:05,0:00:28,27.828,27828,00:00:27:20,0:00:04,3.594,3594,00:00:03:14,ESP,"Xli:ka:na na: n ti: kilhwámpa:'ti, iyma: n taxa:'k luwa","Es verdad lo que dices, este taxa:'k",,,,,,,,,,,
0:00:24,24.234,24234,00:00:24:05,0:00:25,24.633,24633,00:00:24:15,0:00:00,0.399,399,00:00:00:09,,,,xli:ka:na,xli:ka:na,xli:ka:nah,true,true,,,,,,
0:00:25,24.633,24633,00:00:24:15,0:00:25,25.032,25032,00:00:25:00,0:00:00,0.399,399,00:00:00:09,,,,na:,na:,na:,aslo,also,,,,,,
0:00:25,25.032,25032,00:00:25:00,0:00:25,25.432,25432,00:00:25:10,0:00:00,0.4,400,00:00:00:10,,,,n,n,n,EPEN,EPEN,,,,,,
0:00:25,25.432,25432,00:00:25:10,0:00:26,25.831,25831,00:00:25:20,0:00:00,0.399,399,00:00:00:09,,,,ti:,ti:,ti:,HREL,HREL,,,,,,
0:00:26,25.831,25831,00:00:25:20,0:00:26,26.23,26230,00:00:26:05,0:00:00,0.399,399,00:00:00:09,,,,kilhwámpa:'ti,kilh-wám-pa:'-t-i,kilh.wan-pa:'-t,mouth-V.say-PROG.2SBJ-2SBJ.SG-JNCT,mouth-V.say-PROG.2SBJ-2SBJ.SG,,,,,,
0:00:26,26.23,26230,00:00:26:05,0:00:27,26.63,26630,00:00:26:15,0:00:00,0.4,400,00:00:00:10,,,,iyma:,iyma:,iyma:,DEM,DEM,,,,,,
0:00:27,26.63,26630,00:00:26:15,0:00:27,27.029,27029,00:00:27:00,0:00:00,0.399,399,00:00:00:09,,,,n,n,n,EPEN,EPEN,,,,,,
0:00:27,27.029,27029,00:00:27:00,0:00:27,27.428,27428,00:00:27:10,0:00:00,0.399,399,00:00:00:09,,,,taxa:'k,taxa:'k,taxa:'k,Toxicodendron.radicans,Toxicodendron.radicans,,,,,,
0:00:27,27.428,27428,00:00:27:10,0:00:28,27.828,27828,00:00:27:20,0:00:00,0.4,400,00:00:00:10,,,,luwa,luwa,luwa,very,very,,,,,,
0:00:28,27.828,27828,00:00:27:20,0:00:30,30.361,30361,00:00:30:09,0:00:03,2.533,2533,00:00:02:13,ESP,"lu:xalu:ku xa iyma: iyma: n taxa:'k,","es muy peligroso,",,,,,,,,,,,
0:00:28,27.828,27828,00:00:27:20,0:00:28,28.25,28250,00:00:28:06,0:00:00,0.422,422,00:00:00:10,,,,lu:xalu:ku,lu:-xa-lu:ku,lu:-xa-lu:kuh,INTNS-DEF-angry,INTNS-DEF-angry,,,,,,
0:00:28,28.25,28250,00:00:28:06,0:00:29,28.672,28672,00:00:28:16,0:00:00,0.422,422,00:00:00:10,,,,xa,xa,xa',PRN.3SBJ.SG,PRN.3SBJ.SG,,,,,,
0:00:29,28.672,28672,00:00:28:16,0:00:29,29.094,29094,00:00:29:02,0:00:00,0.422,422,00:00:00:10,,,,iyma:,iyma:,iyma:,DEM,DEM,,,,,,
0:00:29,29.094,29094,00:00:29:02,0:00:30,29.516,29516,00:00:29:12,0:00:00,0.422,422,00:00:00:10,,,,iyma:,iyma:,iyma:,DEM,DEM,,,,,,
0:00:30,29.516,29516,00:00:29:12,0:00:30,29.938,29938,00:00:29:23,0:00:00,0.422,422,00:00:00:10,,,,n,n,n,EPEN,EPEN,,,,,,
0:00:30,29.938,29938,00:00:29:23,0:00:30,30.361,30361,00:00:30:09,0:00:00,0.423,423,00:00:00:10,,,,taxa:'k,taxa:'k,taxa:'k,Toxicodendron.radicans,Toxicodendron.radicans,,,,,,
0:00:30,30.361,30361,00:00:30:09,0:00:32,32.03,32030,00:00:32:00,0:00:02,1.669,1669,00:00:01:16,ESP,wi: n ti: n kawa n tsinú naukxílh,algunos con sólo verlo,,,,,,,,,,,
0:00:30,30.361,30361,00:00:30:09,0:00:31,30.569,30569,00:00:30:14,0:00:00,0.208,208,00:00:00:05,,,,wi:,wi:,wi:,there.is,there.is,,,,,,
0:00:31,30.569,30569,00:00:30:14,0:00:31,30.778,30778,00:00:30:19,0:00:00,0.209,209,00:00:00:05,,,,n,n,n,EPEN,EPEN,,,,,,
0:00:31,30.778,30778,00:00:30:19,0:00:31,30.986,30986,00:00:30:24,0:00:00,0.208,208,00:00:00:05,,,,ti:,ti:,ti:,HREL,HREL,,,,,,
0:00:31,30.986,30986,00:00:30:24,0:00:31,31.195,31195,00:00:31:04,0:00:00,0.209,209,00:00:00:05,,,,n,n,n,EPEN,EPEN,,,,,,
0:00:31,31.195,31195,00:00:31:04,0:00:31,31.404,31404,00:00:31:10,0:00:00,0.209,209,00:00:00:05,,,,kawa,kawa,kawa,only,only,,,,,,
0:00:31,31.404,31404,00:00:31:10,0:00:32,31.612,31612,00:00:31:15,0:00:00,0.208,208,00:00:00:05,,,,n,n,n,EPEN,EPEN,,,,,,
0:00:32,31.612,31612,00:00:31:15,0:00:32,31.821,31821,00:00:31:20,0:00:00,0.209,209,00:00:00:05,,,,tsinú,tsinú,tsinúh,little,little,,,,,,
0:00:32,31.821,31821,00:00:31:20,0:00:32,32.03,32030,00:00:32:00,0:00:00,0.209,209,00:00:00:05,,,,naukxílh,na-ukxílh,na-ukxilh-a:',FUT-V.see [3SBJ.SG PRES IPFV],FUT-V.see-IPFV [3SBJ.SG PRES],,,,,,
0:00:32,32.03,32030,00:00:32:00,0:00:33,33.41,33410,00:00:33:10,0:00:01,1.38,1380,00:00:01:09,ESP,"tunkún nama:tsi'tsí:h,","les provoca granos en la piel de manera instantanea,",,,,,,,,,,,
0:00:32,32.03,32030,00:00:32:00,0:00:33,32.72,32720,00:00:32:18,0:00:01,0.69,690,00:00:00:17,,,,tunkún,tunkún,tunkun,immediately,immediately,,,,,,
0:00:33,32.72,32720,00:00:32:18,0:00:33,33.41,33410,00:00:33:10,0:00:01,0.69,690,00:00:00:17,,,,nama:tsi'tsí:h,na-ma:-tsi'tsí:-h,na-ma:-tsi'tsí:-a:',FUT-CAUS-V.pimple-IPFV [3SBJ.SG],FUT-CAUS-V.pimple-IPFV [3SBJ.SG],,,,,,
0:00:33,33.41,33410,00:00:33:10,0:00:35,35.308,35308,00:00:35:07,0:00:02,1.898,1898,00:00:01:22,ESP,wi: n chu: wa: n ti: nipala tu: tlawaniyi,hay otros que no les provoca ningún daño,,,,,,,,,,,
0:00:33,33.41,33410,00:00:33:10,0:00:34,33.62,33620,00:00:33:15,0:00:00,0.21,210,00:00:00:05,,,,wi:,wi:,wi:,there.is,there.is,,,,,,
0:00:34,33.62,33620,00:00:33:15,0:00:34,33.831,33831,00:00:33:20,0:00:00,0.211,211,00:00:00:05,,,,n,n,n,EPEN,EPEN,,,,,,
0:00:34,33.831,33831,00:00:33:20,0:00:34,34.042,34042,00:00:34:01,0:00:00,0.211,211,00:00:00:05,,,,chu:,chu:,chu:,PTCL,PTCL,,,,,,
0:00:34,34.042,34042,00:00:34:01,0:00:34,34.253,34253,00:00:34:06,0:00:00,0.211,211,00:00:00:05,,,,wa:,wa:,wa:,FOC,FOC,,,,,,
0:00:34,34.253,34253,00:00:34:06,0:00:34,34.464,34464,00:00:34:11,0:00:00,0.211,211,00:00:00:05,,,,n,n,n,EPEN,EPEN,,,,,,
0:00:34,34.464,34464,00:00:34:11,0:00:35,34.675,34675,00:00:34:16,0:00:00,0.211,211,00:00:00:05,,,,ti:,ti:,ti:,HREL,HREL,,,,,,
0:00:35,34.675,34675,00:00:34:16,0:00:35,34.886,34886,00:00:34:22,0:00:00,0.211,211,00:00:00:05,,,,nipala,ni-pala,ni-pala,NEG-CONJ,NEG-CONJ,,,,,,
0:00:35,34.886,34886,00:00:34:22,0:00:35,35.097,35097,00:00:35:02,0:00:00,0.211,211,00:00:00:05,,,,tu:,tu:,tu:,NREL,NREL,,,,,,
0:00:35,35.097,35097,00:00:35:02,0:00:35,35.308,35308,00:00:35:07,0:00:00,0.211,211,00:00:00:05,,,,tlawaniyi,tlawa-ni-y-i,tlawa-ni-a:',V.do-DAT-IPFV-JNCT [3SBJ.SG PRES 3OBJ],V.do-DAT-IPFV [3SBJ.SG PRES 3OBJ],,,,,,
0:00:35,35.308,35308,00:00:35:07,0:00:38,37.754,37754,00:00:37:18,0:00:02,2.446,2446,00:00:02:11,ESP,"maski nalakputchmi:yi xa nalakkiklhmí:y,","aunque lo toquen o lo corten,",,,,,,,,,,,
0:00:35,35.308,35308,00:00:35:07,0:00:36,35.919,35919,00:00:35:22,0:00:01,0.611,611,00:00:00:15,,,,maski,maski,maski,although,although,,,,,,
0:00:36,35.919,35919,00:00:35:22,0:00:37,36.531,36531,00:00:36:13,0:00:01,0.612,612,00:00:00:15,,,,nalakputchmi:yi,na-lak-putch-mi:-y-i,na-lak-putch-mi:-a:',FUT-PL-V.break-V.lie.down-IPFV-JNCT [3SBJ.SG PRES],FUT-PL-V.break-V.lie.down-IPFV [3SBJ.SG PRES],,,,,,
0:00:37,36.531,36531,00:00:36:13,0:00:37,37.142,37142,00:00:37:03,0:00:01,0.611,611,00:00:00:15,,,,xa,xa,xa',PRN.3SBJ.SG,PRN.3SBJ.SG,,,,,,
0:00:37,37.142,37142,00:00:37:03,0:00:38,37.754,37754,00:00:37:18,0:00:01,0.612,612,00:00:00:15,,,,nalakkiklhmí:y,na-lak-kiklh-mí:-y,na-lak-kiklh-ma:-a:',FUT-PL-V.pinch-V.lie.down-IPFV [3SBJ.SG PRES],FUT-PL-V.pinch-V.lie.down-IPFV [3SBJ.SG PRES],,,,,,
0:00:38,37.754,37754,00:00:37:18,0:00:40,40.379,40379,00:00:40:09,0:00:03,2.625,2625,00:00:02:15,ESP,ni:tú tlawaniyi xa wa: iyma: n taxa:'k.,no les causa nada.,,,,,,,,,,,
0:00:38,37.754,37754,00:00:37:18,0:00:38,38.129,38129,00:00:38:03,0:00:00,0.375,375,00:00:00:09,,,,ni:tú,ni:tú,ni:tú',nothing,nothing,,,,,,
0:00:38,38.129,38129,00:00:38:03,0:00:39,38.504,38504,00:00:38:12,0:00:00,0.375,375,00:00:00:09,,,,tlawaniyi,tlawa-ni-y-i,tlawa-ni-a:',V.do-DAT-IPFV-JNCT [3SBJ.SG PRES 3OBJ],V.do-DAT-IPFV [3SBJ.SG PRES 3OBJ],,,,,,
0:00:39,38.504,38504,00:00:38:12,0:00:39,38.879,38879,00:00:38:21,0:00:00,0.375,375,00:00:00:09,,,,xa,xa,xa',PRN.3SBJ.SG,PRN.3SBJ.SG,,,,,,
0:00:39,38.879,38879,00:00:38:21,0:00:39,39.254,39254,00:00:39:06,0:00:00,0.375,375,00:00:00:09,,,,wa:,wa:,wa:,FOC,FOC,,,,,,
0:00:39,39.254,39254,00:00:39:06,0:00:40,39.629,39629,00:00:39:15,0:00:00,0.375,375,00:00:00:09,,,,iyma:,iyma:,iyma:,DEM,DEM,,,,,,
0:00:40,39.629,39629,00:00:39:15,0:00:40,40.004,40004,00:00:40:00,0:00:00,0.375,375,00:00:00:09,,,,n,n,n,EPEN,EPEN,,,,,,
0:00:40,40.004,40004,00:00:40:00,0:00:40,40.379,40379,00:00:40:09,0:00:00,0.375,375,00:00:00:09,,,,taxa:'k,taxa:'k,taxa:'k,Toxicodendron.radicans,Toxicodendron.radicans,,,,,,
0:00:40,40.379,40379,00:00:40:09,0:00:43,43.395,43395,00:00:43:09,0:00:03,3.016,3016,00:00:03:00,APG,"Xli:ka:na nayi kilhwampa:'t, n chu: nili:paksa maski","Es verdad lo que estás diciendo, esto no se cura aunque",,,,,,,,,,,
0:00:40,40.379,40379,00:00:40:09,0:00:41,40.809,40809,00:00:40:20,0:00:00,0.43,430,00:00:00:10,,,,xli:ka:na,xli:ka:na,xli:ka:nah,true,true,,,,,,
0:00:41,40.809,40809,00:00:40:20,0:00:41,41.24,41240,00:00:41:06,0:00:00,0.431,431,00:00:00:10,,,,nayi,nayi,nayi,as,as,,,,,,
0:00:41,41.24,41240,00:00:41:06,0:00:42,41.671,41671,00:00:41:16,0:00:00,0.431,431,00:00:00:10,,,,kilhwampa:'t,kilh-wám-pa:'-t,kilh.wan-pa:'-t,mouth-V.say-PROG.2SBJ-2SBJ.SG,mouth-V.say-PROG.2SBJ-2SBJ.SG,,,,,,
0:00:42,41.671,41671,00:00:41:16,0:00:42,42.102,42102,00:00:42:02,0:00:00,0.431,431,00:00:00:10,,,,n,n,n,EPEN,EPEN,,,,,,
0:00:42,42.102,42102,00:00:42:02,0:00:43,42.533,42533,00:00:42:13,0:00:00,0.431,431,00:00:00:10,,,,chu:,chu:,chu:,PTCL,PTCL,,,,,,
0:00:43,42.533,42533,00:00:42:13,0:00:43,42.964,42964,00:00:42:24,0:00:00,0.431,431,00:00:00:10,,,,nili:paksa,ni-li:-paks-a,ni-li:-paks-a:'-',NEG-INS-V.heal-IPFV [2SBJ.SG PRES],NEG-INS-V.heal-IPFV-2SBJ.SG [PRES],,,,,,
0:00:43,42.964,42964,00:00:42:24,0:00:43,43.395,43395,00:00:43:09,0:00:00,0.431,431,00:00:00:10,,,,maski,maski,maski,although,although,,,,,,
0:00:43,43.395,43395,00:00:43:09,0:00:46,46.316,46316,00:00:46:07,0:00:03,2.921,2921,00:00:02:23,APG,ka:tu:wa n tu: wanqo:'yi n pi tla:ni n li:tlawaya,algunos comentan que se puede tratar con,,,,,,,,,,,
0:00:43,43.395,43395,00:00:43:09,0:00:44,43.719,43719,00:00:43:17,0:00:00,0.324,324,00:00:00:08,,,,ka:tu:wa,ka:tu:wa,ka:tu:wah,many,many,,,,,,
0:00:44,43.719,43719,00:00:43:17,0:00:44,44.044,44044,00:00:44:01,0:00:00,0.325,325,00:00:00:08,,,,n,n,n,EPEN,EPEN,,,,,,
0:00:44,44.044,44044,00:00:44:01,0:00:44,44.368,44368,00:00:44:09,0:00:00,0.324,324,00:00:00:08,,,,tu:,tu:,tu:,NREL,NREL,,,,,,
0:00:44,44.368,44368,00:00:44:09,0:00:45,44.693,44693,00:00:44:17,0:00:00,0.325,325,00:00:00:08,,,,wanqo:'yi,wan-qo:'-y-i,wan-qo:'-a:',V.say-3PL-IPFV-JNCT,V.say-3PL-IPFV,,,,,,
0:00:45,44.693,44693,00:00:44:17,0:00:45,45.017,45017,00:00:45:00,0:00:00,0.324,324,00:00:00:08,,,,n,n,n,EPEN,EPEN,,,,,,
0:00:45,45.017,45017,00:00:45:00,0:00:45,45.342,45342,00:00:45:08,0:00:00,0.325,325,00:00:00:08,,,,pi,pi,pi,COMP,COMP,,,,,,
0:00:45,45.342,45342,00:00:45:08,0:00:46,45.666,45666,00:00:45:16,0:00:00,0.324,324,00:00:00:08,,,,tla:ni,tla:n-i,tla:n,good-JNCT,good,,,,,,
0:00:46,45.666,45666,00:00:45:16,0:00:46,45.991,45991,00:00:45:24,0:00:00,0.325,325,00:00:00:08,,,,n,n,n,EPEN,EPEN,,,,,,
0:00:46,45.991,45991,00:00:45:24,0:00:46,46.316,46316,00:00:46:07,0:00:00,0.325,325,00:00:00:08,,,,li:tlawaya,li:-tlawa-ya,li:-tlawa-a:'-',INS-V.do-IPFV [2SBJ.SG PRES],INS-V.do-IPFV-2SBJ.SG [PRES],,,,,,
0:00:46,46.316,46316,00:00:46:07,0:00:51,50.922,50922,00:00:50:23,0:00:05,4.606,4606,00:00:04:15,APG,"staqna', mat naxaqatli:ya', n pi kta:'wa'ya:'ni mintachala mat nawaniya', nali:paksa nawaniqo:'yá:'n,","chiles, según también hay que hablarle, hay que decirle, te compartiré de mis tacos,",,,,,,,,,,,
0:00:46,46.316,46316,00:00:46:07,0:00:47,46.734,46734,00:00:46:18,0:00:00,0.418,418,00:00:00:10,,,,staqna',staqna,staqna',chili,chili,,,,,,
0:00:47,46.734,46734,00:00:46:18,0:00:47,47.153,47153,00:00:47:03,0:00:00,0.419,419,00:00:00:10,,,,mat,mat,mat,QUOT,QUOT,,,,,,
0:00:47,47.153,47153,00:00:47:03,0:00:48,47.572,47572,00:00:47:14,0:00:00,0.419,419,00:00:00:10,,,,naxaqatli:ya',na-xaqatli:-ya-',na-xaqatli:-a:'-',FUT-V.speak-IPFV-2SBJ.SG,FUT-V.speak-IPFV-2SBJ.SG,,,,,,
0:00:48,47.572,47572,00:00:47:14,0:00:48,47.99,47990,00:00:47:24,0:00:00,0.418,418,00:00:00:10,,,,n,n,n,EPEN,EPEN,,,,,,
0:00:48,47.99,47990,00:00:47:24,0:00:48,48.409,48409,00:00:48:10,0:00:00,0.419,419,00:00:00:10,,,,pi,pi,pi,COMP,COMP,,,,,,
0:00:48,48.409,48409,00:00:48:10,0:00:49,48.828,48828,00:00:48:20,0:00:00,0.419,419,00:00:00:10,,,,kta:'wa'ya:'ni,k-ta:'-wa'-ya:'-n-i,k-ta:'-wa'-a:'-n,1SBJ.SG-COM-V.eat-IPFV-2OBJ-JNCT,1SBJ.SG-COM-V.eat-IPFV-2OBJ,,,,,,
0:00:49,48.828,48828,00:00:48:20,0:00:49,49.247,49247,00:00:49:06,0:00:00,0.419,419,00:00:00:10,,,,mintachala,min-tachala,min-tachala',2POSS-bean.tortilla,2POSS-bean.tortilla,,,,,,
0:00:49,49.247,49247,00:00:49:06,0:00:50,49.665,49665,00:00:49:16,0:00:00,0.418,418,00:00:00:10,,,,mat,mat,mat,QUOT,QUOT,,,,,,
0:00:50,49.665,49665,00:00:49:16,0:00:50,50.084,50084,00:00:50:02,0:00:00,0.419,419,00:00:00:10,,,,nawaniya',na-wa-ni-ya-',na-wan-ni-a:'-',FUT-V.say-DAT-IPFV-2SBJ.SG,FUT-V.say-DAT-IPFV-2SBJ.SG,,,,,,
0:00:50,50.084,50084,00:00:50:02,0:00:51,50.503,50503,00:00:50:12,0:00:00,0.419,419,00:00:00:10,,,,nali:paksa,na-li:-paks-a,na-li:-paks-a:'-',FUT-INS-V.heal-IPFV [2SBJ.SG PRES],FUT-INS-V.heal-IPFV-2SBJ.SG [PRES],,,,,,
0:00:51,50.503,50503,00:00:50:12,0:00:51,50.922,50922,00:00:50:23,0:00:00,0.419,419,00:00:00:10,,,,nawaniqo:'yá:'n,na-wa-ni-qo:'-yá:'-n,na-wan-ni-qo:'-a:'-n,FUT-V.say-DAT-3PL-IPFV-2OBJ,FUT-V.say-DAT-3PL-IPFV-2OBJ,,,,,,
0:00:51,50.922,50922,00:00:50:23,0:00:53,52.633,52633,00:00:52:15,0:00:02,1.711,1711,00:00:01:17,APG,"n pi nixli:ka:na xa', nipaksa xa',","pero esto no es cierto, no se cura con esto,",,,,,,,,,,,
0:00:51,50.922,50922,00:00:50:23,0:00:51,51.207,51207,00:00:51:05,0:00:00,0.285,285,00:00:00:07,,,,n,n,n,EPEN,EPEN,,,,,,
0:00:51,51.207,51207,00:00:51:05,0:00:51,51.492,51492,00:00:51:12,0:00:00,0.285,285,00:00:00:07,,,,pi,pi,pi,COMP,COMP,,,,,,
0:00:51,51.492,51492,00:00:51:12,0:00:52,51.777,51777,00:00:51:19,0:00:00,0.285,285,00:00:00:07,,,,nixli:ka:na,ni-xli:ka:na,ni-xli:ka:nah,ni-true,ni-true,,,,,,
0:00:52,51.777,51777,00:00:51:19,0:00:52,52.062,52062,00:00:52:01,0:00:00,0.285,285,00:00:00:07,,,,xa',xa',xa',PRN.3SBJ.SG,PRN.3SBJ.SG,,,,,,
0:00:52,52.062,52062,00:00:52:01,0:00:52,52.347,52347,00:00:52:08,0:00:00,0.285,285,00:00:00:07,,,,nipaksa,ni-paks-a,ni-paks-a:'-',NEG-V.heal-IPFV [2SBJ.SG PRES],NEG-V.heal-IPFV-2SBJ.SG [PRES],,,,,,
0:00:52,52.347,52347,00:00:52:08,0:00:53,52.633,52633,00:00:52:15,0:00:00,0.286,286,00:00:00:07,,,,xa',xa',xa',PRN.3SBJ.SG,PRN.3SBJ.SG,,,,,,
0:00:53,52.633,52633,00:00:52:15,0:00:56,55.84,55840,00:00:55:21,0:00:03,3.207,3207,00:00:03:05,APG,*porque** maqkatsi:ya:'wi kini nayi chu: skuja:'wi jka:tawa:'ni n pi,porque nosotras que trabajamos en el campo sabemos que,,,,,,,,,,,
0:00:53,52.633,52633,00:00:52:15,0:00:53,52.989,52989,00:00:52:24,0:00:00,0.356,356,00:00:00:08,,,,*porque**,porque,porque,INJT,INJT,,,,,,
0:00:53,52.989,52989,00:00:52:24,0:00:53,53.345,53345,00:00:53:08,0:00:00,0.356,356,00:00:00:08,,,,maqkatsi:ya:'wi,maqkatsi:-ya:'-w-i,maqkatsi:-a:'-'w,V.feel-IPFV-1SBJ.PL-JNCT [PRES],V.feel-IPFV-1SBJ.PL [PRES],,,,,,
0:00:53,53.345,53345,00:00:53:08,0:00:54,53.702,53702,00:00:53:17,0:00:00,0.357,357,00:00:00:08,,,,kini,kin-i,kin,PRN.1SBJ.PL-JNCT,PRN.1SBJ.PL,,,,,,
0:00:54,53.702,53702,00:00:53:17,0:00:54,54.058,54058,00:00:54:01,0:00:00,0.356,356,00:00:00:08,,,,nayi,nayi,nayi,as,as,,,,,,
0:00:54,54.058,54058,00:00:54:01,0:00:54,54.414,54414,00:00:54:10,0:00:00,0.356,356,00:00:00:08,,,,chu:,chu:,chu:,PTCL,PTCL,,,,,,
0:00:54,54.414,54414,00:00:54:10,0:00:55,54.771,54771,00:00:54:19,0:00:00,0.357,357,00:00:00:08,,,,skuja:'wi,skuj-a:'-w-i,skuj-a:'-'w,V.work-IPFV-1SBJ.PL-JNCT,V.work-IPFV-1SBJ.PL,,,,,,
0:00:55,54.771,54771,00:00:54:19,0:00:55,55.127,55127,00:00:55:03,0:00:00,0.356,356,00:00:00:08,,,,jka:tawa:'ni,j-ka:-tawá:'n-i,k-ka:-tawa:'n,LOC-PLC-plant-JNCT,LOC-PLC-plant,,,,,,
0:00:55,55.127,55127,00:00:55:03,0:00:55,55.483,55483,00:00:55:12,0:00:00,0.356,356,00:00:00:08,,,,n,n,n,EPEN,EPEN,,,,,,
0:00:55,55.483,55483,00:00:55:12,0:00:56,55.84,55840,00:00:55:21,0:00:00,0.357,357,00:00:00:08,,,,pi,pi,pi,COMP,COMP,,,,,,
0:00:56,55.84,55840,00:00:55:21,0:01:00,59.934,59934,00:00:59:23,0:00:04,4.094,4094,00:00:04:02,APG,kapala akxní wa: naki:ta:'tanuqlha' pus naki:lakxamaya nama:tsi'tsi:yá:'n.,en cualquier momento lo podemos encontrar y nos provocará granos en la piel.,,,,,,,,,,,
0:00:56,55.84,55840,00:00:55:21,0:00:56,56.424,56424,00:00:56:10,0:00:01,0.584,584,00:00:00:14,,,,kapala,kapala,kapalah,quick,quick,,,,,,
0:00:56,56.424,56424,00:00:56:10,0:00:57,57.009,57009,00:00:57:00,0:00:01,0.585,585,00:00:00:14,,,,akxní,akxní,akxní',when,when,,,,,,
0:00:57,57.009,57009,00:00:57:00,0:00:58,57.594,57594,00:00:57:14,0:00:01,0.585,585,00:00:00:14,,,,wa:,wa:,wa:,FOC,FOC,,,,,,
0:00:58,57.594,57594,00:00:57:14,0:00:58,58.179,58179,00:00:58:04,0:00:01,0.585,585,00:00:00:14,,,,naki:ta:'tanuqlha',na-ki:-ta:'-ta-nuqlh-a-',na-ki:-ta:'-ta-nuqlh-a:'-',FUT-RT-COM-INC-V.find-IPFV-2SBJ.SG [3OBJ],FUT-RT-COM-INC-V.find-IPFV-2SBJ.SG [3OBJ],,,,,,
0:00:58,58.179,58179,00:00:58:04,0:00:59,58.764,58764,00:00:58:19,0:00:01,0.585,585,00:00:00:14,,,,pus,pus,pus,INTJ,INTJ,,,,,,
0:00:59,58.764,58764,00:00:58:19,0:00:59,59.349,59349,00:00:59:08,0:00:01,0.585,585,00:00:00:14,,,,naki:lakxamaya,na-ki:-lak-xama-ya,na-ki:-lak-xama-a:'-',FUT-RT-PL-V.touch-IPFV [2SBJ.SN PRES],FUT-RT-PL-V.touch-IPFV-2SBJ.SN [PRES],,,,,,
0:00:59,59.349,59349,00:00:59:08,0:01:00,59.934,59934,00:00:59:23,0:00:01,0.585,585,00:00:00:14,,,,nama:tsi'tsi:yá:'n,na-ma:-tsi'tsi:-yá:'-n,na-ma:-tsi'tsi:-a:'-n,FUT-CAUS-V.pimple-IPFV-2OBJ [3SBJ.SG],FUT-CAUS-V.pimple-IPFV-2OBJ [3SBJ.SG],,,,,,
0:01:00,59.934,59934,00:00:59:23,0:01:02,61.59,61590,00:01:01:14,0:00:02,1.656,1656,00:00:01:16,ESP,Xli:ka:na xa na: n ti:,Es verdad,,,,,,,,,,,
0:01:00,59.934,59934,00:00:59:23,0:01:00,60.265,60265,00:01:00:06,0:00:00,0.331,331,00:00:00:08,,,,xli:ka:na,xli:ka:na,xli:ka:nah,true,true,,,,,,
0:01:00,60.265,60265,00:01:00:06,0:01:01,60.596,60596,00:01:00:14,0:00:00,0.331,331,00:00:00:08,,,,xa,xa,xa',PRN.3SBJ.SG,PRN.3SBJ.SG,,,,,,
0:01:01,60.596,60596,00:01:00:14,0:01:01,60.927,60927,00:01:00:23,0:00:00,0.331,331,00:00:00:08,,,,na:,na:,na:,aslo,also,,,,,,
0:01:01,60.927,60927,00:01:00:23,0:01:01,61.258,61258,00:01:01:06,0:00:00,0.331,331,00:00:00:08,,,,n,n,n,EPEN,EPEN,,,,,,
0:01:01,61.258,61258,00:01:01:06,0:01:02,61.59,61590,00:01:01:14,0:00:00,0.332,332,00:00:00:08,,,,ti:,ti:,ti:,HREL,HREL,,,,,,
0:01:02,61.59,61590,00:01:01:14,0:01:04,63.824,63824,00:01:03:20,0:00:02,2.234,2234,00:00:02:05,ESP,li:chiwinama:'wi iyma: n taxa:'k luwa,"lo que estamos hablando, este taxa:'k",,,,,,,,,,,
0:01:02,61.59,61590,00:01:01:14,0:01:02,62.036,62036,00:01:02:00,0:00:00,0.446,446,00:00:00:11,,,,li:chiwinama:'wi,li:-chiwi:-na-ma:'-w-i,li:-chiwi:-nan-ma:'-'w,INS-V.talk-ANTIP-PROG-1SBJ.PL-JNCT,INS-V.talk-ANTIP-PROG-1SBJ.PL,,,,,,
0:01:02,62.036,62036,00:01:02:00,0:01:02,62.483,62483,00:01:02:12,0:00:00,0.447,447,00:00:00:11,,,,iyma:,iyma:,iyma:,DEM,DEM,,,,,,
0:01:02,62.483,62483,00:01:02:12,0:01:03,62.93,62930,00:01:02:23,0:00:00,0.447,447,00:00:00:11,,,,n,n,n,EPEN,EPEN,,,,,,
0:01:03,62.93,62930,00:01:02:23,0:01:03,63.377,63377,00:01:03:09,0:00:00,0.447,447,00:00:00:11,,,,taxa:'k,taxa:'k,taxa:'k,Toxicodendron.radicans,Toxicodendron.radicans,,,,,,
0:01:03,63.377,63377,00:01:03:09,0:01:04,63.824,63824,00:01:03:20,0:00:00,0.447,447,00:00:00:11,,,,luwa,luwa,luwa,very,very,,,,,,
0:01:04,63.824,63824,00:01:03:20,0:01:08,67.949,67949,00:01:07:23,0:00:04,4.125,4125,00:00:04:03,ESP,"lu:xama:tsi'tsi:ná xa', á:watiya nama:laqatsiya:'ni xa wa: lapí luwa","es muy dañino, incluso te puede provocar hasta ceguera para quienes les provoca",,,,,,,,,,,
0:01:04,63.824,63824,00:01:03:20,0:01:04,64.339,64339,00:01:04:08,0:00:01,0.515,515,00:00:00:12,,,,lu:xama:tsi'tsi:ná,lu:-xa-ma:-tsi'tsi:-ná,lu:-xa-ma:-tsi'tsi:-na',INTNS-DEF-CAUS-V.pimple-DVB,INTNS-DEF-CAUS-V.pimple-DVB,,,,,,
0:01:04,64.339,64339,00:01:04:08,0:01:05,64.855,64855,00:01:04:21,0:00:01,0.516,516,00:00:00:12,,,,xa',xa',xa',PRN.3SBJ.SG,PRN.3SBJ.SG,,,,,,
0:01:05,64.855,64855,00:01:04:21,0:01:05,65.37,65370,00:01:05:09,0:00:01,0.515,515,00:00:00:12,,,,á:watiya,á:watiya,á:watiya',extremely,extremely,,,,,,
0:01:05,65.37,65370,00:01:05:09,0:01:06,65.886,65886,00:01:05:22,0:00:01,0.516,516,00:00:00:12,,,,nama:laqatsiya:'ni,na-ma:-laqatsi-ya:'-n-i,na-ma:-laqatsi-a:'-n,FUT-CAUS-V.blind-IPFV-2OBJ-JNCT [3SBJ.SG],FUT-CAUS-V.blind-IPFV-2OBJ [3SBJ.SG],,,,,,
0:01:06,65.886,65886,00:01:05:22,0:01:06,66.402,66402,00:01:06:10,0:00:01,0.516,516,00:00:00:12,,,,xa,xa,xa',PRN.3SBJ.SG,PRN.3SBJ.SG,,,,,,
0:01:06,66.402,66402,00:01:06:10,0:01:07,66.917,66917,00:01:06:22,0:00:01,0.515,515,00:00:00:12,,,,wa:,wa:,wa:,FOC,FOC,,,,,,
0:01:07,66.917,66917,00:01:06:22,0:01:07,67.433,67433,00:01:07:10,0:00:01,0.516,516,00:00:00:12,,,,lapí,lapí,lapí,if,if,,,,,,
0:01:07,67.433,67433,00:01:07:10,0:01:08,67.949,67949,00:01:07:23,0:00:01,0.516,516,00:00:00:12,,,,luwa,luwa,luwa,very,very,,,,,,
0:01:08,67.949,67949,00:01:07:23,0:01:10,70.496,70496,00:01:10:12,0:00:03,2.547,2547,00:00:02:13,ESP,"saqa:li:yá:'n, lantla kilhwámpa:'ti wixi n pi","alergias muy fuertes, como dices que",,,,,,,,,,,
0:01:08,67.949,67949,00:01:07:23,0:01:08,68.373,68373,00:01:08:09,0:00:00,0.424,424,00:00:00:10,,,,saqa:li:yá:'n,saqa:li:-yá:'-n,saqa:li:-a:'-n,V.hinder-IPFV-2OBJ [3SBJ.SG PRES],V.hinder-IPFV-2OBJ [3SBJ.SG PRES],,,,,,
0:01:08,68.373,68373,00:01:08:09,0:01:09,68.798,68798,00:01:08:19,0:00:00,0.425,425,00:00:00:10,,,,lantla,lantla,lantlah,like,like,,,,,,
0:01:09,68.798,68798,00:01:08:19,0:01:09,69.222,69222,00:01:09:05,0:00:00,0.424,424,00:00:00:10,,,,kilhwámpa:'ti,kilh-wám-pa:'-t-i,kilh.wan-pa:'-t,mouth-V.say-PROG.2SBJ-2SBJ.SG-JNCT,mouth-V.say-PROG.2SBJ-2SBJ.SG,,,,,,
0:01:09,69.222,69222,00:01:09:05,0:01:10,69.647,69647,00:01:09:16,0:00:00,0.425,425,00:00:00:10,,,,wixi,wix-i,wix,PRN.2SBJ.SG-JNCT,PRN.2SBJ.SG,,,,,,
0:01:10,69.647,69647,00:01:09:16,0:01:10,70.071,70071,00:01:10:01,0:00:00,0.424,424,00:00:00:10,,,,n,n,n,EPEN,EPEN,,,,,,
0:01:10,70.071,70071,00:01:10:01,0:01:10,70.496,70496,00:01:10:12,0:00:00,0.425,425,00:00:00:10,,,,pi,pi,pi,COMP,COMP,,,,,,
0:01:10,70.496,70496,00:01:10:12,0:01:15,74.524,74524,00:01:14:13,0:00:04,4.028,4028,00:00:04:00,ESP,"mat ka nita:'wa minchú:w nawaniqo:'ya:'ni ma: n kilakna:nahnakán,","nuestras abuelas nos decían, seguramente no le convidaste de tus tacos,",,,,,,,,,,,
0:01:10,70.496,70496,00:01:10:12,0:01:11,70.999,70999,00:01:10:24,0:00:01,0.503,503,00:00:00:12,,,,mat,mat,mat,QUOT,QUOT,,,,,,
0:01:11,70.999,70999,00:01:10:24,0:01:12,71.503,71503,00:01:11:12,0:00:01,0.504,504,00:00:00:12,,,,ka,ka,kah,only,only,,,,,,
0:01:12,71.503,71503,00:01:11:12,0:01:12,72.006,72006,00:01:12:00,0:00:01,0.503,503,00:00:00:12,,,,nita:'wa,ni-ta:'-wa,ni-ta:'-wa'-',NEG-COM-V.eat [2SBJ.SG PFV],NEG-COM-V.eat-2SBJ.SG [PFV],,,,,,
0:01:12,72.006,72006,00:01:12:00,0:01:13,72.51,72510,00:01:12:12,0:00:01,0.504,504,00:00:00:12,,,,minchú:w,min-chú:w,min-chu:w,2POSS-tortilla,2POSS-tortilla,,,,,,
0:01:13,72.51,72510,00:01:12:12,0:01:13,73.013,73013,00:01:13:00,0:00:01,0.503,503,00:00:00:12,,,,nawaniqo:'ya:'ni,na-wa-ni-qo:'-ya:'-n-i,na-wan-ni-qo:'-a:'-n,FUT-V.say-DAT-3PL-IPFV-2OBJ-JNCT,FUT-V.say-DAT-3PL-IPFV-2OBJ,,,,,,
0:01:13,73.013,73013,00:01:13:00,0:01:14,73.517,73517,00:01:13:12,0:00:01,0.504,504,00:00:00:12,,,,ma:,ma:,ma:,TAG,TAG,,,,,,
0:01:14,73.517,73517,00:01:13:12,0:01:14,74.02,74020,00:01:14:00,0:00:01,0.503,503,00:00:00:12,,,,n,n,n,EPEN,EPEN,,,,,,
0:01:14,74.02,74020,00:01:14:00,0:01:15,74.524,74524,00:01:14:13,0:00:01,0.504,504,00:00:00:12,,,,kilakna:nahnakán,ki-lak-na:nah-na-kán,ki-lak-na:nah-na-kan,1POSS-PL-grandmother-PL-PL.POSS,1POSS-PL-grandmother-PL-PL.POSS,,,,,,
0:01:15,74.524,74524,00:01:14:13,0:01:17,76.852,76852,00:01:16:21,0:00:02,2.328,2328,00:00:02:08,ESP,"kilakta:tahnakán, nixli:ka:na xla',","pero no es cierto,",,,,,,,,,,,
0:01:15,74.524,74524,00:01:14:13,0:01:15,75.3,75300,00:01:15:07,0:00:01,0.776,776,00:00:00:19,,,,kilakta:tahnakán,ki-lak-ta:tah-na-kán,ki-lak-ta:tah-na-kan,1POSS-PL-grandfather-PL-PL.POSS,1POSS-PL-grandfather-PL-PL.POSS,,,,,,
0:01:15,75.3,75300,00:01:15:07,0:01:16,76.076,76076,00:01:16:01,0:00:01,0.776,776,00:00:00:19,,,,nixli:ka:na,ni-xli:ka:na,ni-xli:ka:nah,ni-true,ni-true,,,,,,
0:01:16,76.076,76076,00:01:16:01,0:01:17,76.852,76852,00:01:16:21,0:00:01,0.776,776,00:00:00:19,,,,xla',xla',xla',PRN.3SBJ.SG,PRN.3SBJ.SG,,,,,,
0:01:17,76.852,76852,00:01:16:21,0:01:18,77.913,77913,00:01:17:22,0:00:01,1.061,1061,00:00:01:01,ESP,maski kinta:'wa,aunque,,,,,,,,,,,
0:01:17,76.852,76852,00:01:16:21,0:01:17,77.382,77382,00:01:17:09,0:00:01,0.53,530,00:00:00:13,,,,maski,maski,maski,although,although,,,,,,
0:01:17,77.382,77382,00:01:17:09,0:01:18,77.913,77913,00:01:17:22,0:00:01,0.531,531,00:00:00:13,,,,kinta:'wa,kin-ta:'-wa,kin-ta:'-wa',1OBJ-COM-V.eat [2SBJ.SG DAT PRES IPFV],1OBJ-COM-V.eat [2SBJ.SG DAT PRES IPFV],,,,,,
0:01:18,77.913,77913,00:01:17:22,0:01:21,80.524,80524,00:01:20:13,0:00:03,2.611,2611,00:00:02:15,ESP,"kta:'wa'ya:'ni n ki..., n..., mi..., n..., n kinchú:w pa: nawaniya n chu: pus",se le diga te convido de mis tacos pues,,,,,,,,,,,
0:01:18,77.913,77913,00:01:17:22,0:01:18,78.113,78113,00:01:18:02,0:00:00,0.2,200,00:00:00:05,,,,kta:'wa'ya:'ni,k-ta:'-wa'-ya:'-n-i,k-ta:'-wa'-a:'-n,1SBJ.SG-COM-V.eat-IPFV-2OBJ-JNCT,1SBJ.SG-COM-V.eat-IPFV-2OBJ,,,,,,
0:01:18,78.113,78113,00:01:18:02,0:01:18,78.314,78314,00:01:18:07,0:00:00,0.201,201,00:00:00:05,,,,n,n,n,EPEN,EPEN,,,,,,
0:01:18,78.314,78314,00:01:18:07,0:01:19,78.515,78515,00:01:18:12,0:00:00,0.201,201,00:00:00:05,,,,"ki...,",ki-[FS],ki-[FS],1SBJ.SG-[FS],1SBJ.SG-[FS],,,,,,
0:01:19,78.515,78515,00:01:18:12,0:01:19,78.716,78716,00:01:18:17,0:00:00,0.201,201,00:00:00:05,,,,"n...,",#N/A,#N/A,#N/A,#N/A,#N/A,,,,,
0:01:19,78.716,78716,00:01:18:17,0:01:19,78.917,78917,00:01:18:22,0:00:00,0.201,201,00:00:00:05,,,,"mi...,",mi-,mi-,2POSS-,2POSS-,,,,,,
0:01:19,78.917,78917,00:01:18:22,0:01:19,79.118,79118,00:01:19:02,0:00:00,0.201,201,00:00:00:05,,,,"n...,",#N/A,#N/A,#N/A,#N/A,#N/A,,,,,
0:01:19,79.118,79118,00:01:19:02,0:01:19,79.318,79318,00:01:19:07,0:00:00,0.2,200,00:00:00:05,,,,n,n,n,EPEN,EPEN,,,,,,
0:01:19,79.318,79318,00:01:19:07,0:01:20,79.519,79519,00:01:19:12,0:00:00,0.201,201,00:00:00:05,,,,kinchú:w,kin-chú:w,kin-chu:w,1POSS-tortilla,1POSS-tortilla,,,,,,
0:01:20,79.519,79519,00:01:19:12,0:01:20,79.72,79720,00:01:19:18,0:00:00,0.201,201,00:00:00:05,,,,pa:,pa:,pa:,Q,Q,,,,,,
0:01:20,79.72,79720,00:01:19:18,0:01:20,79.921,79921,00:01:19:23,0:00:00,0.201,201,00:00:00:05,,,,nawaniya,na-wa-ni-ya,na-wan-ni-a:'-',FUT-V.say-DAT-IPFV [2SBJ.SG],FUT-V.say-DAT-IPFV-2SBJ.SG,,,,,,
0:01:20,79.921,79921,00:01:19:23,0:01:20,80.122,80122,00:01:20:03,0:00:00,0.201,201,00:00:00:05,,,,n,n,n,EPEN,EPEN,,,,,,
0:01:20,80.122,80122,00:01:20:03,0:01:20,80.323,80323,00:01:20:08,0:00:00,0.201,201,00:00:00:05,,,,chu:,chu:,chu:,PTCL,PTCL,,,,,,
0:01:20,80.323,80323,00:01:20:08,0:01:21,80.524,80524,00:01:20:13,0:00:00,0.201,201,00:00:00:05,,,,pus,pus,pus,INTJ,INTJ,,,,,,
0:01:21,80.524,80524,00:01:20:13,0:01:22,82.211,82211,00:01:22:05,0:00:02,1.687,1687,00:00:01:17,ESP,nikatiqalhti:ni xa pus,"el no te responderá,",,,,,,,,,,,
0:01:21,80.524,80524,00:01:20:13,0:01:21,81.086,81086,00:01:21:02,0:00:01,0.562,562,00:00:00:14,,,,nikatiqalhti:ni,ni-ka-ti-qalhti:-n-i,ni-ka-ti-qalhti:-n,NEG-IRR-POT-V.respond-2OBJ-JNCT,NEG-IRR-POT-V.respond-2OBJ,,,,,,
0:01:21,81.086,81086,00:01:21:02,0:01:22,81.648,81648,00:01:21:16,0:00:01,0.562,562,00:00:00:14,,,,xa,xa,xa',PRN.3SBJ.SG,PRN.3SBJ.SG,,,,,,
0:01:22,81.648,81648,00:01:21:16,0:01:22,82.211,82211,00:01:22:05,0:00:01,0.563,563,00:00:00:14,,,,pus,pus,pus,INTJ,INTJ,,,,,,
0:01:22,82.211,82211,00:01:22:05,0:01:25,85.446,85446,00:01:25:11,0:00:03,3.235,3235,00:00:03:05,ESP,kawa xa n chu: ka chaná wa: xwanqo:'yi laqqo:lán xwanqo:'ní:'t.,era una creencia de los ancianos de la antigüedad.,,,,,,,,,,,
0:01:22,82.211,82211,00:01:22:05,0:01:23,82.534,82534,00:01:22:13,0:00:00,0.323,323,00:00:00:08,,,,kawa,kawa,kawa,only,only,,,,,,
0:01:23,82.534,82534,00:01:22:13,0:01:23,82.858,82858,00:01:22:21,0:00:00,0.324,324,00:00:00:08,,,,xa,xa,xa',PRN.3SBJ.SG,PRN.3SBJ.SG,,,,,,
0:01:23,82.858,82858,00:01:22:21,0:01:23,83.181,83181,00:01:23:04,0:00:00,0.323,323,00:00:00:08,,,,n,n,n,EPEN,EPEN,,,,,,
0:01:23,83.181,83181,00:01:23:04,0:01:24,83.505,83505,00:01:23:12,0:00:00,0.324,324,00:00:00:08,,,,chu:,chu:,chu:,PTCL,PTCL,,,,,,
0:01:24,83.505,83505,00:01:23:12,0:01:24,83.828,83828,00:01:23:20,0:00:00,0.323,323,00:00:00:08,,,,ka,ka,kah,only,only,,,,,,
0:01:24,83.828,83828,00:01:23:20,0:01:24,84.152,84152,00:01:24:03,0:00:00,0.324,324,00:00:00:08,,,,chaná,chaná,chaná',thus,thus,,,,,,
0:01:24,84.152,84152,00:01:24:03,0:01:24,84.475,84475,00:01:24:11,0:00:00,0.323,323,00:00:00:08,,,,wa:,wa:,wa:,FOC,FOC,,,,,,
0:01:24,84.475,84475,00:01:24:11,0:01:25,84.799,84799,00:01:24:19,0:00:00,0.324,324,00:00:00:08,,,,xwanqo:'yi,x-wan-qo:'-y-i,x-wan-qo:'-a:',PST-V.say-3PL-IPFV-JNCT,PST-V.say-3PL-IPFV,,,,,,
0:01:25,84.799,84799,00:01:24:19,0:01:25,85.122,85122,00:01:25:03,0:00:00,0.323,323,00:00:00:08,,,,laqqo:lán,laq-qo:l-án,laq-qo:lú'-an,PL-male-PL,PL-male-PL,,,,,,
0:01:25,85.122,85122,00:01:25:03,0:01:25,85.446,85446,00:01:25:11,0:00:00,0.324,324,00:00:00:08,,,,xwanqo:'ní:'t,x-wan-qo:'-ni:'t,x-wan-qo:'-ni:'t,PST-V.say-3PL-PRF,PST-V.say-3PL-PRF,,,,,,
0:01:25,85.446,85446,00:01:25:11,0:01:30,89.649,89649,00:01:29:16,0:00:04,4.203,4203,00:00:04:05,APG,"Xli:ka:na xa', pus niá:watiya likwa xa n chu: qalhí: iyma: xatachiwi:ni iyma: n tawá:'n,","Es verdad, de esta hierba no se tienen muchos conocimientos,",,,,,,,,,,,
0:01:25,85.446,85446,00:01:25:11,0:01:26,85.746,85746,00:01:25:18,0:00:00,0.3,300,00:00:00:07,,,,xli:ka:na,xli:ka:na,xli:ka:nah,true,true,,,,,,
0:01:26,85.746,85746,00:01:25:18,0:01:26,86.046,86046,00:01:26:01,0:00:00,0.3,300,00:00:00:07,,,,xa',xa',xa',PRN.3SBJ.SG,PRN.3SBJ.SG,,,,,,
0:01:26,86.046,86046,00:01:26:01,0:01:26,86.346,86346,00:01:26:08,0:00:00,0.3,300,00:00:00:07,,,,pus,pus,pus,INTJ,INTJ,,,,,,
0:01:26,86.346,86346,00:01:26:08,0:01:27,86.646,86646,00:01:26:16,0:00:00,0.3,300,00:00:00:07,,,,niá:watiya,ni-á:watiya,ni-á:watiya',NEG-extremely,NEG-extremely,,,,,,
0:01:27,86.646,86646,00:01:26:16,0:01:27,86.947,86947,00:01:26:23,0:00:00,0.301,301,00:00:00:07,,,,likwa,likwa,likwa',many,many,,,,,,
0:01:27,86.947,86947,00:01:26:23,0:01:27,87.247,87247,00:01:27:06,0:00:00,0.3,300,00:00:00:07,,,,xa,xa,xa',PRN.3SBJ.SG,PRN.3SBJ.SG,,,,,,
0:01:27,87.247,87247,00:01:27:06,0:01:28,87.547,87547,00:01:27:13,0:00:00,0.3,300,00:00:00:07,,,,n,n,n,EPEN,EPEN,,,,,,
0:01:28,87.547,87547,00:01:27:13,0:01:28,87.847,87847,00:01:27:21,0:00:00,0.3,300,00:00:00:07,,,,chu:,chu:,chu:,PTCL,PTCL,,,,,,
0:01:28,87.847,87847,00:01:27:21,0:01:28,88.147,88147,00:01:28:03,0:00:00,0.3,300,00:00:00:07,,,,qalhí:,qalhí:,qalhi:-a:',V.have [3SBJ.SG PRES IPFV],V.have-IPFV [3SBJ.SG PRES],,,,,,
0:01:28,88.147,88147,00:01:28:03,0:01:28,88.448,88448,00:01:28:11,0:00:00,0.301,301,00:00:00:07,,,,iyma:,iyma:,iyma:,DEM,DEM,,,,,,
0:01:28,88.448,88448,00:01:28:11,0:01:29,88.748,88748,00:01:28:18,0:00:00,0.3,300,00:00:00:07,,,,xatachiwi:ni,xa-ta-chiwi:-n-i,xa-ta-chiwi:-n,DEF-INC-V.say-DVB-JNCT,DEF-INC-V.say-DVB,,,,,,
0:01:29,88.748,88748,00:01:28:18,0:01:29,89.048,89048,00:01:29:01,0:00:00,0.3,300,00:00:00:07,,,,iyma:,iyma:,iyma:,DEM,DEM,,,,,,
0:01:29,89.048,89048,00:01:29:01,0:01:29,89.348,89348,00:01:29:08,0:00:00,0.3,300,00:00:00:07,,,,n,n,n,EPEN,EPEN,,,,,,
0:01:29,89.348,89348,00:01:29:08,0:01:30,89.649,89649,00:01:29:16,0:00:00,0.301,301,00:00:00:07,,,,tawá:'n,tawá:'n,tawá:'n,plant,plant,,,,,,
0:01:30,89.649,89649,00:01:29:16,0:01:32,91.742,91742,00:01:31:18,0:00:02,2.093,2093,00:00:02:02,APG,n pala chu: wi: n ti: nilaqapás pus....,aquellos que no lo conocen pues....,,,,,,,,,,,
0:01:30,89.649,89649,00:01:29:16,0:01:30,89.91,89910,00:01:29:22,0:00:00,0.261,261,00:00:00:06,,,,n,n,n,EPEN,EPEN,,,,,,
0:01:30,89.91,89910,00:01:29:22,0:01:30,90.172,90172,00:01:30:04,0:00:00,0.262,262,00:00:00:06,,,,pala,pala,pala,CONJ,CONJ,,,,,,
0:01:30,90.172,90172,00:01:30:04,0:01:30,90.433,90433,00:01:30:10,0:00:00,0.261,261,00:00:00:06,,,,chu:,chu:,chu:,PTCL,PTCL,,,,,,
0:01:30,90.433,90433,00:01:30:10,0:01:31,90.695,90695,00:01:30:17,0:00:00,0.262,262,00:00:00:06,,,,wi:,wi:,wi:,there.is,there.is,,,,,,
0:01:31,90.695,90695,00:01:30:17,0:01:31,90.957,90957,00:01:30:23,0:00:00,0.262,262,00:00:00:06,,,,n,n,n,EPEN,EPEN,,,,,,
0:01:31,90.957,90957,00:01:30:23,0:01:31,91.218,91218,00:01:31:05,0:00:00,0.261,261,00:00:00:06,,,,ti:,ti:,ti:,HREL,HREL,,,,,,
0:01:31,91.218,91218,00:01:31:05,0:01:31,91.48,91480,00:01:31:12,0:00:00,0.262,262,00:00:00:06,,,,nilaqapás,ni-laqapás,ni-laqapás-a:',NEG-V.recognize [3SBJ.SG PRES IPFV],NEG-V.recognize-IPFV [3SBJ.SG PRES],,,,,,
0:01:31,91.48,91480,00:01:31:12,0:01:32,91.742,91742,00:01:31:18,0:00:00,0.262,262,00:00:00:06,,,,pus,pus,pus,INTJ,INTJ,,,,,,
0:01:32,91.742,91742,00:01:31:18,0:01:34,93.675,93675,00:01:33:16,0:00:02,1.933,1933,00:00:01:23,APG,Wa: lantla natama:niya:'chini xatsi'tsi,Así como provoca granos en la,,,,,,,,,,,
0:01:32,91.742,91742,00:01:31:18,0:01:32,92.225,92225,00:01:32:05,0:00:00,0.483,483,00:00:00:12,,,,wa:,wa:,wa:,FOC,FOC,,,,,,
0:01:32,92.225,92225,00:01:32:05,0:01:33,92.708,92708,00:01:32:17,0:00:00,0.483,483,00:00:00:12,,,,lantla,lantla,lantlah,like,like,,,,,,
0:01:33,92.708,92708,00:01:32:17,0:01:33,93.191,93191,00:01:33:04,0:00:00,0.483,483,00:00:00:12,,,,natama:niya:'chini,na-ta-ma:-ni-ya:'-chi-n-i,na-ta-ma:-ni-a:'-ch-n,FUT-INC-V.lie.down-DAT-IPFV-PROX-2OBJ-JNCT,FUT-INC-V.lie.down-DAT-IPFV-PROX-2OBJ,,,,,,
0:01:33,93.191,93191,00:01:33:04,0:01:34,93.675,93675,00:01:33:16,0:00:00,0.484,484,00:00:00:12,,,,xatsi'tsi,xa-tsi'tsi,xa-tsi'tsi,DEF-pimple,DEF-pimple,,,,,,
0:01:34,93.675,93675,00:01:33:16,0:01:38,98.055,98055,00:01:38:01,0:00:04,4.38,4380,00:00:04:09,APG,"kmi..., kmilakxní:n, na: chaná xa xatawa:'ni pulúq qalhí:y n chu: laqtsatsu'qo:'wán,","piel, así también tiene granos sobre sus hojas de color rojo,",,,,,,,,,,,
0:01:34,93.675,93675,00:01:33:16,0:01:34,94.073,94073,00:01:34:01,0:00:00,0.398,398,00:00:00:09,,,,"kmi...,",k-mi-,k-mi-,LOC-2POSS-,LOC-2POSS-,,,,,,
0:01:34,94.073,94073,00:01:34:01,0:01:34,94.471,94471,00:01:34:11,0:00:00,0.398,398,00:00:00:09,,,,kmilakxní:n,k-mi-lakxní[FT]-:n,k-mi-lakxni[FT]-in,LOC-2POSS-body[FT]-PL,LOC-2POSS-body[FT]-PL,kmilakní:n,,,,,
0:01:34,94.471,94471,00:01:34:11,0:01:35,94.869,94869,00:01:34:21,0:00:00,0.398,398,00:00:00:09,,,,na:,na:,na:,aslo,also,,,,,,
0:01:35,94.869,94869,00:01:34:21,0:01:35,95.267,95267,00:01:35:06,0:00:00,0.398,398,00:00:00:09,,,,chaná,chaná,chaná',thus,thus,,,,,,
0:01:35,95.267,95267,00:01:35:06,0:01:36,95.665,95665,00:01:35:16,0:00:00,0.398,398,00:00:00:09,,,,xa,xa,xa',PRN.3SBJ.SG,PRN.3SBJ.SG,,,,,,
0:01:36,95.665,95665,00:01:35:16,0:01:36,96.064,96064,00:01:36:01,0:00:00,0.399,399,00:00:00:09,,,,xatawa:'ni,xa-tawa:'n-i,xa-tawa:'n,DEF-plant-JNCT,DEF-plant,,,,,,
0:01:36,96.064,96064,00:01:36:01,0:01:36,96.462,96462,00:01:36:11,0:00:00,0.398,398,00:00:00:09,,,,pulúq,pulúq,puluq,grainy,grainy,,,,,,
0:01:36,96.462,96462,00:01:36:11,0:01:37,96.86,96860,00:01:36:21,0:00:00,0.398,398,00:00:00:09,,,,qalhí:y,qalhí:-y,qalhi:-a:',V.have-IPFV [3SBJ.SG PRES],V.have-IPFV [3SBJ.SG PRES],,,,,,
0:01:37,96.86,96860,00:01:36:21,0:01:37,97.258,97258,00:01:37:06,0:00:00,0.398,398,00:00:00:09,,,,n,n,n,EPEN,EPEN,,,,,,
0:01:37,97.258,97258,00:01:37:06,0:01:38,97.656,97656,00:01:37:16,0:00:00,0.398,398,00:00:00:09,,,,chu:,chu:,chu:,PTCL,PTCL,,,,,,
0:01:38,97.656,97656,00:01:37:16,0:01:38,98.055,98055,00:01:38:01,0:00:00,0.399,399,00:00:00:09,,,,laqtsatsu'qo:'wán,laq-tsatsu'-qo:'-wá-n,laq-tsatsu'-q-qo:'-wa'-n,PL-red-3PL-SEM-PL,PL-red-3PL-SEM-PL,,,,,,
0:01:38,98.055,98055,00:01:38:01,0:01:41,101.461,101461,00:01:41:11,0:00:03,3.406,3406,00:00:03:10,APG,"chaná xa n tama:ya:'chi n chu: n pala kmimakán, kminta'wani xatsi'tsi'.",de la misma manera provoca los granos en las manos o los pies.,,,,,,,,,,,
0:01:38,98.055,98055,00:01:38:01,0:01:38,98.364,98364,00:01:38:09,0:00:00,0.309,309,00:00:00:07,,,,chaná,chaná,chaná',thus,thus,,,,,,
0:01:38,98.364,98364,00:01:38:09,0:01:39,98.674,98674,00:01:38:16,0:00:00,0.31,310,00:00:00:07,,,,xa,xa,xa',PRN.3SBJ.SG,PRN.3SBJ.SG,,,,,,
0:01:39,98.674,98674,00:01:38:16,0:01:39,98.983,98983,00:01:38:24,0:00:00,0.309,309,00:00:00:07,,,,n,n,n,EPEN,EPEN,,,,,,
0:01:39,98.983,98983,00:01:38:24,0:01:39,99.293,99293,00:01:39:07,0:00:00,0.31,310,00:00:00:07,,,,tama:ya:'chi,ta-ma:-ya:'-ch-i,ta-ma:-ya:'-ch,INC-V.lie.down-IPFV-PROX-JNCT [3SBJ.SG PRES],INC-V.lie.down-IPFV-PROX [3SBJ.SG PRES],,,,,,
0:01:39,99.293,99293,00:01:39:07,0:01:40,99.603,99603,00:01:39:15,0:00:00,0.31,310,00:00:00:07,,,,n,n,n,EPEN,EPEN,,,,,,
0:01:40,99.603,99603,00:01:39:15,0:01:40,99.912,99912,00:01:39:22,0:00:00,0.309,309,00:00:00:07,,,,chu:,chu:,chu:,PTCL,PTCL,,,,,,
0:01:40,99.912,99912,00:01:39:22,0:01:40,100.222,100222,00:01:40:05,0:00:00,0.31,310,00:00:00:07,,,,n,n,n,EPEN,EPEN,,,,,,
0:01:40,100.222,100222,00:01:40:05,0:01:41,100.532,100532,00:01:40:13,0:00:00,0.31,310,00:00:00:07,,,,pala,pala,pala,CONJ,CONJ,,,,,,
0:01:41,100.532,100532,00:01:40:13,0:01:41,100.841,100841,00:01:40:21,0:00:00,0.309,309,00:00:00:07,,,,kmimakán,k-mi-makán,k-mi-makán,LOC-2POSS-hand,LOC-2POSS-hand,,,,,,
0:01:41,100.841,100841,00:01:40:21,0:01:41,101.151,101151,00:01:41:03,0:00:00,0.31,310,00:00:00:07,,,,kminta'wani,k-min-ta'wan-i,k-min-ta'wan,LOC-2POSS-foot-JNCT,LOC-2POSS-foot,,,,,,
0:01:41,101.151,101151,00:01:41:03,0:01:41,101.461,101461,00:01:41:11,0:00:00,0.31,310,00:00:00:07,,,,xatsi'tsi',xa-tsi'tsi,xa-tsi'tsi',DEF-pimple,DEF-pimple,,,,,,
0:01:41,101.461,101461,00:01:41:11,0:01:43,103.43,103430,00:01:43:10,0:00:02,1.969,1969,00:00:01:24,ESP,Xli:ka:na na: n ti: kilhwampa:'t.,Es verdad lo que estás diciendo.,,,,,,,,,,,
0:01:41,101.461,101461,00:01:41:11,0:01:42,101.854,101854,00:01:41:21,0:00:00,0.393,393,00:00:00:09,,,,xli:ka:na,xli:ka:na,xli:ka:nah,true,true,,,,,,
0:01:42,101.854,101854,00:01:41:21,0:01:42,102.248,102248,00:01:42:06,0:00:00,0.394,394,00:00:00:09,,,,na:,na:,na:,aslo,also,,,,,,
0:01:42,102.117,102117,00:01:42:02,0:01:42,102.336,102336,00:01:42:08,0:00:00,0.219,219,00:00:00:05,,,,n,n,n,EPEN,EPEN,,,,,,
0:01:43,102.642,102642,00:01:42:16,0:01:43,103.036,103036,00:01:43:00,0:00:00,0.394,394,00:00:00:09,,,,ti:,ti:,ti:,HREL,HREL,,,,,,
0:01:43,103.036,103036,00:01:43:00,0:01:43,103.43,103430,00:01:43:10,0:00:00,0.394,394,00:00:00:09,,,,kilhwampa:'t,kilh-wám-pa:'-t,kilh.wan-pa:'-t,mouth-V.say-PROG.2SBJ-2SBJ.SG,mouth-V.say-PROG.2SBJ-2SBJ.SG,,,,,,
0:01:41,101.461,101461,00:01:41:11,0:01:43,103.43,103430,00:01:43:10,0:00:02,1.969,1969,00:00:01:24,APG,Ka wa: xa n chu: n pi likwa xin....,Pero estos provocan mucha comezón.,,,,,,,,,,,
0:01:41,101.461,101461,00:01:41:11,0:01:42,101.679,101679,00:01:41:16,0:00:00,0.218,218,00:00:00:05,,,,ka,ka,kah,only,only,,,,,,
0:01:42,101.679,101679,00:01:41:16,0:01:42,101.898,101898,00:01:41:22,0:00:00,0.219,219,00:00:00:05,,,,wa:,wa:,wa:,FOC,FOC,,,,,,
0:01:42,101.898,101898,00:01:41:22,0:01:42,102.117,102117,00:01:42:02,0:00:00,0.219,219,00:00:00:05,,,,xa,xa,xa',PRN.3SBJ.SG,PRN.3SBJ.SG,,,,,,
0:01:42,102.248,102248,00:01:42:06,0:01:43,102.642,102642,00:01:42:16,0:00:00,0.394,394,00:00:00:09,,,,n,n,n,EPEN,EPEN,,,,,,
0:01:42,102.336,102336,00:01:42:08,0:01:43,102.554,102554,00:01:42:13,0:00:00,0.218,218,00:00:00:05,,,,chu:,chu:,chu:,PTCL,PTCL,,,,,,
0:01:43,102.554,102554,00:01:42:13,0:01:43,102.773,102773,00:01:42:19,0:00:00,0.219,219,00:00:00:05,,,,n,n,n,EPEN,EPEN,,,,,,
0:01:43,102.773,102773,00:01:42:19,0:01:43,102.992,102992,00:01:42:24,0:00:00,0.219,219,00:00:00:05,,,,pi,pi,pi,COMP,COMP,,,,,,
0:01:43,102.992,102992,00:01:42:24,0:01:43,103.211,103211,00:01:43:05,0:00:00,0.219,219,00:00:00:05,,,,likwa,likwa,likwa',many,many,,,,,,
0:01:43,103.211,103211,00:01:43:05,0:01:43,103.43,103430,00:01:43:10,0:00:00,0.219,219,00:00:00:05,,,,xin....,#N/A,#N/A,#N/A,#N/A,#N/A,,,,,
0:01:43,103.43,103430,00:01:43:10,0:01:47,106.834,106834,00:01:46:20,0:00:03,3.404,3404,00:00:03:10,ESP,"Xli:ka:na na: n ti: kilhwampa:'t, ti:pa:'tú xa iyma: n taxa:'k wi: xa ni:má:","Es verdad lo que dices, hay dos tipos de taxa:'k, hay uno que",,,,,,,,,,,
0:01:43,103.43,103430,00:01:43:10,0:01:44,103.691,103691,00:01:43:17,0:00:00,0.261,261,00:00:00:06,,,,xli:ka:na,xli:ka:na,xli:ka:nah,true,true,,,,,,
0:01:44,103.691,103691,00:01:43:17,0:01:44,103.953,103953,00:01:43:23,0:00:00,0.262,262,00:00:00:06,,,,na:,na:,na:,aslo,also,,,,,,
0:01:44,103.953,103953,00:01:43:23,0:01:44,104.215,104215,00:01:44:05,0:00:00,0.262,262,00:00:00:06,,,,n,n,n,EPEN,EPEN,,,,,,
0:01:44,104.215,104215,00:01:44:05,0:01:44,104.477,104477,00:01:44:11,0:00:00,0.262,262,00:00:00:06,,,,ti:,ti:,ti:,HREL,HREL,,,,,,
0:01:44,104.477,104477,00:01:44:11,0:01:45,104.739,104739,00:01:44:18,0:00:00,0.262,262,00:00:00:06,,,,kilhwampa:'t,kilh-wám-pa:'-t,kilh.wan-pa:'-t,mouth-V.say-PROG.2SBJ-2SBJ.SG,mouth-V.say-PROG.2SBJ-2SBJ.SG,,,,,,
0:01:45,104.739,104739,00:01:44:18,0:01:45,105.001,105001,00:01:45:00,0:00:00,0.262,262,00:00:00:06,,,,ti:pa:'tú,ti:pa:'-tú,ti:pa:'-tuh,CLF-two,CLF-two,,,,,,
0:01:45,105.001,105001,00:01:45:00,0:01:45,105.262,105262,00:01:45:06,0:00:00,0.261,261,00:00:00:06,,,,xa,xa,xa',PRN.3SBJ.SG,PRN.3SBJ.SG,,,,,,
0:01:45,105.262,105262,00:01:45:06,0:01:46,105.524,105524,00:01:45:13,0:00:00,0.262,262,00:00:00:06,,,,iyma:,iyma:,iyma:,DEM,DEM,,,,,,
0:01:46,105.524,105524,00:01:45:13,0:01:46,105.786,105786,00:01:45:19,0:00:00,0.262,262,00:00:00:06,,,,n,n,n,EPEN,EPEN,,,,,,
0:01:46,105.786,105786,00:01:45:19,0:01:46,106.048,106048,00:01:46:01,0:00:00,0.262,262,00:00:00:06,,,,taxa:'k,taxa:'k,taxa:'k,Toxicodendron.radicans,Toxicodendron.radicans,,,,,,
0:01:46,106.048,106048,00:01:46:01,0:01:46,106.31,106310,00:01:46:07,0:00:00,0.262,262,00:00:00:06,,,,wi:,wi:,wi:,there.is,there.is,,,,,,
0:01:46,106.31,106310,00:01:46:07,0:01:47,106.572,106572,00:01:46:14,0:00:00,0.262,262,00:00:00:06,,,,xa,xa,xa',PRN.3SBJ.SG,PRN.3SBJ.SG,,,,,,
0:01:47,106.572,106572,00:01:46:14,0:01:47,106.834,106834,00:01:46:20,0:00:00,0.262,262,00:00:00:06,,,,ni:má:,ni:má:,ni:má:,DEM,DEM,,,,,,
0:01:47,106.834,106834,00:01:46:20,0:01:49,109.381,109381,00:01:49:09,0:00:03,2.547,2547,00:00:02:13,ESP,"lu:pulúq lakawán, wi: n chu: wa ni:má: ni...,","tiene hojas con muchos granos, hay otro",,,,,,,,,,,
0:01:47,106.834,106834,00:01:46:20,0:01:47,107.152,107152,00:01:47:03,0:00:00,0.318,318,00:00:00:07,,,,lu:pulúq,lu:-pulúq,lu:-puluq,INTNS-grainy,INTNS-grainy,,,,,,
0:01:47,107.152,107152,00:01:47:03,0:01:47,107.47,107470,00:01:47:11,0:00:00,0.318,318,00:00:00:07,,,,lakawán,laka-wá-n,laka-wa'-n,face-SEM-2OBJ,face-SEM-2OBJ,,,,,,
0:01:47,107.47,107470,00:01:47:11,0:01:48,107.789,107789,00:01:47:19,0:00:00,0.319,319,00:00:00:07,,,,wi:,wi:,wi:,there.is,there.is,,,,,,
0:01:48,107.789,107789,00:01:47:19,0:01:48,108.107,108107,00:01:48:02,0:00:00,0.318,318,00:00:00:07,,,,n,n,n,EPEN,EPEN,,,,,,
0:01:48,108.107,108107,00:01:48:02,0:01:48,108.425,108425,00:01:48:10,0:00:00,0.318,318,00:00:00:07,,,,chu:,chu:,chu:,PTCL,PTCL,,,,,,
0:01:48,108.425,108425,00:01:48:10,0:01:49,108.744,108744,00:01:48:18,0:00:00,0.319,319,00:00:00:07,,,,wa,wa[FT],wa[FT],FOC[FT],FOC[FT],wa:,,,,,
0:01:49,108.744,108744,00:01:48:18,0:01:49,109.062,109062,00:01:49:01,0:00:00,0.318,318,00:00:00:07,,,,ni:má:,ni:má:,ni:má:,DEM,DEM,,,,,,
0:01:49,109.062,109062,00:01:49:01,0:01:49,109.381,109381,00:01:49:09,0:00:00,0.319,319,00:00:00:07,,,,"ni...,",ni-[FS],ni-[FS],NEG-[FS],NEG-[FS],,,,,,
0:01:49,109.381,109381,00:01:49:09,0:01:53,113.178,113178,00:01:53:04,0:00:04,3.797,3797,00:00:03:19,ESP,nilaqapuluqo:'wa iyma: n pi na: chaná wa: ma:tsi'tsi:nán.,que no es así pero también es muy dañina.,,,,,,,,,,,
0:01:49,109.381,109381,00:01:49:09,0:01:50,109.855,109855,00:01:49:21,0:00:00,0.474,474,00:00:00:11,,,,nilaqapuluqo:'wa,ni-laqa-pulu-qo:'-wa,ni-laqa-puluq-qo:'-wa',NEG-face-grainy-3PL-SEM,NEG-face-grainy-3PL-SEM,,,,,,
0:01:50,109.855,109855,00:01:49:21,0:01:50,110.33,110330,00:01:50:08,0:00:00,0.475,475,00:00:00:11,,,,iyma:,iyma:,iyma:,DEM,DEM,,,,,,
0:01:50,110.33,110330,00:01:50:08,0:01:51,110.804,110804,00:01:50:20,0:00:00,0.474,474,00:00:00:11,,,,n,n,n,EPEN,EPEN,,,,,,
0:01:51,110.804,110804,00:01:50:20,0:01:51,111.279,111279,00:01:51:06,0:00:00,0.475,475,00:00:00:11,,,,pi,pi,pi,COMP,COMP,,,,,,
0:01:51,111.279,111279,00:01:51:06,0:01:52,111.754,111754,00:01:51:18,0:00:00,0.475,475,00:00:00:11,,,,na:,na:,na:,aslo,also,,,,,,
0:01:52,111.754,111754,00:01:51:18,0:01:52,112.228,112228,00:01:52:05,0:00:00,0.474,474,00:00:00:11,,,,chaná,chaná,chaná',thus,thus,,,,,,
0:01:52,112.228,112228,00:01:52:05,0:01:53,112.703,112703,00:01:52:17,0:00:00,0.475,475,00:00:00:11,,,,wa:,wa:,wa:,FOC,FOC,,,,,,
0:01:53,112.703,112703,00:01:52:17,0:01:53,113.178,113178,00:01:53:04,0:00:00,0.475,475,00:00:00:11,,,,ma:tsi'tsi:nán,ma:-tsi'tsi:-nan,ma:-tsi'tsi:-nan,CAUS-V.pimple-ANTIP [3SBJ.SG PRES],CAUS-V.pimple-ANTIP [3SBJ.SG PRES],,,,,,
0:01:53,113.178,113178,00:01:53:04,0:01:56,116.105,116105,00:01:56:02,0:00:03,2.927,2927,00:00:02:23,APG,"Xli:ka:na, pus niá:watiya lhu:wa iyma: n qalhi:ya:'wi","Es muy cierto, no es mucho",,,,,,,,,,,
0:01:53,113.178,113178,00:01:53:04,0:01:54,113.596,113596,00:01:53:14,0:00:00,0.418,418,00:00:00:10,,,,xli:ka:na,xli:ka:na,xli:ka:nah,true,true,,,,,,
0:01:54,113.596,113596,00:01:53:14,0:01:54,114.014,114014,00:01:54:00,0:00:00,0.418,418,00:00:00:10,,,,pus,pus,pus,INTJ,INTJ,,,,,,
0:01:54,114.014,114014,00:01:54:00,0:01:54,114.432,114432,00:01:54:10,0:00:00,0.418,418,00:00:00:10,,,,niá:watiya,ni-á:watiya,ni-á:watiya',NEG-extremely,NEG-extremely,,,,,,
0:01:54,114.432,114432,00:01:54:10,0:01:55,114.85,114850,00:01:54:21,0:00:00,0.418,418,00:00:00:10,,,,lhu:wa,lhu:wa,lhu:wa',many,many,,,,,,
0:01:55,114.85,114850,00:01:54:21,0:01:55,115.268,115268,00:01:55:06,0:00:00,0.418,418,00:00:00:10,,,,iyma:,iyma:,iyma:,DEM,DEM,,,,,,
0:01:55,115.268,115268,00:01:55:06,0:01:56,115.686,115686,00:01:55:17,0:00:00,0.418,418,00:00:00:10,,,,n,n,n,EPEN,EPEN,,,,,,
0:01:56,115.686,115686,00:01:55:17,0:01:56,116.105,116105,00:01:56:02,0:00:00,0.419,419,00:00:00:10,,,,qalhi:ya:'wi,qalhi:-ya:'-w-i,qalhi:-a:'-'w,V.have-IPFV-1SBJ.SG-JNCT,V.have-IPFV-1SBJ.SG,,,,,,
0:01:56,116.105,116105,00:01:56:02,0:01:59,119.053,119053,00:01:59:01,0:00:03,2.948,2948,00:00:02:23,APG,"xtachiwí:n wa: lantla kini laqapasá:'w, pus li:chiwi:nani:'tá'w.","lo que hay que decir, sólo como lo conocemos pues eso hemos hablado.",,,,,,,,,,,
0:01:56,116.105,116105,00:01:56:02,0:01:57,116.526,116526,00:01:56:13,0:00:00,0.421,421,00:00:00:10,,,,xtachiwí:n,x-ta-chiwi:-n,x-ta-chiwi:-n,3POSS-INC-V.say-DVB,3POSS-INC-V.say-DVB,,,,,,
0:01:57,116.526,116526,00:01:56:13,0:01:57,116.947,116947,00:01:56:23,0:00:00,0.421,421,00:00:00:10,,,,wa:,wa:,wa:,FOC,FOC,,,,,,
0:01:57,116.947,116947,00:01:56:23,0:01:57,117.368,117368,00:01:57:09,0:00:00,0.421,421,00:00:00:10,,,,lantla,lantla,lantlah,like,like,,,,,,
0:01:57,117.368,117368,00:01:57:09,0:01:58,117.789,117789,00:01:57:19,0:00:00,0.421,421,00:00:00:10,,,,kini,kin-i,kin,PRN.1SBJ.PL-JNCT,PRN.1SBJ.PL,,,,,,
0:01:58,117.789,117789,00:01:57:19,0:01:58,118.21,118210,00:01:58:05,0:00:00,0.421,421,00:00:00:10,,,,laqapasá:'w,laqapas-a:'-w,laqapas-a:'-'w,V.recognize-IPFV-1SBJ.PL [PRES],V.recognize-IPFV-1SBJ.PL [PRES],,,,,,
0:01:58,118.21,118210,00:01:58:05,0:01:59,118.631,118631,00:01:58:15,0:00:00,0.421,421,00:00:00:10,,,,pus,pus,pus,INTJ,INTJ,,,,,,
0:01:59,118.631,118631,00:01:58:15,0:01:59,119.053,119053,00:01:59:01,0:00:00,0.422,422,00:00:00:10,,,,li:chiwi:nani:'tá'w,li:-chiwi:-nan-i:'ta-'w,li:-chiwi:-nan-ni:'t-'w,INS-V.talk-ANTIP-PRF-1SBJ.PL,INS-V.talk-ANTIP-PRF-1SBJ.PL,,,,,,
0:01:59,119.053,119053,00:01:59:01,0:02:02,121.709,121709,00:02:01:17,0:00:03,2.656,2656,00:00:02:16,APG,"Wa kiti n kintakawaní', Areli Ponce García.",Mi nombre es Areli Ponce García.,,,,,,,,,,,
0:01:59,119.053,119053,00:01:59:01,0:01:59,119.432,119432,00:01:59:10,0:00:00,0.379,379,00:00:00:09,,,,wa,wa[FT],wa[FT],FOC[FT],FOC[FT],wa:,,,,,
0:01:59,119.432,119432,00:01:59:10,0:02:00,119.811,119811,00:01:59:20,0:00:00,0.379,379,00:00:00:09,,,,kiti,kit-i,kit,PRN.1SBJ.SG-JNCT,PRN.1SBJ.SG,,,,,,
0:02:00,119.811,119811,00:01:59:20,0:02:00,120.191,120191,00:02:00:04,0:00:00,0.38,380,00:00:00:09,,,,n,n,n,EPEN,EPEN,,,,,,
0:02:00,120.191,120191,00:02:00:04,0:02:01,120.57,120570,00:02:00:14,0:00:00,0.379,379,00:00:00:09,,,,kintakawaní',kin-takawaní',kin-takawaní',1POSS-name,1POSS-name,,,,,,
0:02:01,120.57,120570,00:02:00:14,0:02:01,120.95,120950,00:02:00:23,0:00:00,0.38,380,00:00:00:09,,,,Areli,Areli,Areli,Areli,Areli,,,,,,
0:02:01,120.95,120950,00:02:00:23,0:02:01,121.329,121329,00:02:01:08,0:00:00,0.379,379,00:00:00:09,,,,Ponce,Ponce,Ponce,Ponce,Ponce,,,,,,
0:02:01,121.329,121329,00:02:01:08,0:02:02,121.709,121709,00:02:01:17,0:00:00,0.38,380,00:00:00:09,,,,García,García,García,García,García,,,,,,
0:02:02,121.709,121709,00:02:01:17,0:02:05,124.553,124553,00:02:04:13,0:00:03,2.844,2844,00:00:02:21,ESP,"Xli:ka:na, pus ayi li:qalhchiwi:na'wi iyma: n taxa:'k","Cierto, pues ya hablamos del taxa:'k",,,,,,,,,,,
0:02:02,121.709,121709,00:02:01:17,0:02:02,122.115,122115,00:02:02:02,0:00:00,0.406,406,00:00:00:10,,,,xli:ka:na,xli:ka:na,xli:ka:nah,true,true,,,,,,
0:02:02,122.115,122115,00:02:02:02,0:02:03,122.521,122521,00:02:02:13,0:00:00,0.406,406,00:00:00:10,,,,pus,pus,pus,INTJ,INTJ,,,,,,
0:02:03,122.521,122521,00:02:02:13,0:02:03,122.927,122927,00:02:02:23,0:00:00,0.406,406,00:00:00:10,,,,ayi,ayi,ayi,NREL,NREL,,,,,,
0:02:03,122.927,122927,00:02:02:23,0:02:03,123.334,123334,00:02:03:08,0:00:00,0.407,407,00:00:00:10,,,,li:qalhchiwi:na'wi,li:-qalh-chiwi:-na-'w-i,li:-qalh-chiwi:-nan-'w,INS-mouth-V.talk-ANTIP-1SBJ.PL-JNCT [PFV],INS-mouth-V.talk-ANTIP-1SBJ.PL [PFV],,,,,,
0:02:03,123.334,123334,00:02:03:08,0:02:04,123.74,123740,00:02:03:18,0:00:00,0.406,406,00:00:00:10,,,,iyma:,iyma:,iyma:,DEM,DEM,,,,,,
0:02:04,123.74,123740,00:02:03:18,0:02:04,124.146,124146,00:02:04:03,0:00:00,0.406,406,00:00:00:10,,,,n,n,n,EPEN,EPEN,,,,,,
0:02:04,124.146,124146,00:02:04:03,0:02:05,124.553,124553,00:02:04:13,0:00:00,0.407,407,00:00:00:10,,,,taxa:'k,taxa:'k,taxa:'k,Toxicodendron.radicans,Toxicodendron.radicans,,,,,,
0:02:05,124.553,124553,00:02:04:13,0:02:06,126.35,126350,00:02:06:08,0:00:02,1.797,1797,00:00:01:19,ESP,"likwa xa ma:tsi'tsi:nán,","que provoca muchos granos,",,,,,,,,,,,
0:02:05,124.553,124553,00:02:04:13,0:02:05,125.152,125152,00:02:05:03,0:00:01,0.599,599,00:00:00:14,,,,likwa,likwa,likwa',many,many,,,,,,
0:02:05,125.152,125152,00:02:05:03,0:02:06,125.751,125751,00:02:05:18,0:00:01,0.599,599,00:00:00:14,,,,xa,xa,xa',PRN.3SBJ.SG,PRN.3SBJ.SG,,,,,,
0:02:06,125.751,125751,00:02:05:18,0:02:06,126.35,126350,00:02:06:08,0:00:01,0.599,599,00:00:00:14,,,,ma:tsi'tsi:nán,ma:-tsi'tsi:-nan,ma:-tsi'tsi:-nan,CAUS-V.pimple-ANTIP [3SBJ.SG PRES],CAUS-V.pimple-ANTIP [3SBJ.SG PRES],,,,,,
0:02:06,126.35,126350,00:02:06:08,0:02:08,128.35,128350,00:02:08:08,0:00:02,2,2000,00:00:02:00,ESP,n pala chu: wi: n ti: nikatsí: n pala wi: xaj....,por si alguien no sabe....,,,,,,,,,,,
0:02:06,126.35,126350,00:02:06:08,0:02:07,126.531,126531,00:02:06:13,0:00:00,0.181,181,00:00:00:04,,,,n,n,n,EPEN,EPEN,,,,,,
0:02:07,126.531,126531,00:02:06:13,0:02:07,126.713,126713,00:02:06:17,0:00:00,0.182,182,00:00:00:04,,,,pala,pala,pala,CONJ,CONJ,,,,,,
0:02:07,126.713,126713,00:02:06:17,0:02:07,126.895,126895,00:02:06:22,0:00:00,0.182,182,00:00:00:04,,,,chu:,chu:,chu:,PTCL,PTCL,,,,,,
0:02:07,126.895,126895,00:02:06:22,0:02:07,127.077,127077,00:02:07:01,0:00:00,0.182,182,00:00:00:04,,,,wi:,wi:,wi:,there.is,there.is,,,,,,
0:02:07,127.077,127077,00:02:07:01,0:02:07,127.259,127259,00:02:07:06,0:00:00,0.182,182,00:00:00:04,,,,n,n,n,EPEN,EPEN,,,,,,
0:02:07,127.259,127259,00:02:07:06,0:02:07,127.44,127440,00:02:07:11,0:00:00,0.181,181,00:00:00:04,,,,ti:,ti:,ti:,HREL,HREL,,,,,,
0:02:07,127.44,127440,00:02:07:11,0:02:08,127.622,127622,00:02:07:15,0:00:00,0.182,182,00:00:00:04,,,,nikatsí:,ni-katsí:,ni-katsí:-a:',NEG-V.know [3SBJ.SG IPFV PRES],NEG-V.know-IPFV [3SBJ.SG PRES],,,,,,
0:02:08,127.622,127622,00:02:07:15,0:02:08,127.804,127804,00:02:07:20,0:00:00,0.182,182,00:00:00:04,,,,n,n,n,EPEN,EPEN,,,,,,
0:02:08,127.804,127804,00:02:07:20,0:02:08,127.986,127986,00:02:07:24,0:00:00,0.182,182,00:00:00:04,,,,pala,pala,pala,CONJ,CONJ,,,,,,
0:02:08,127.986,127986,00:02:07:24,0:02:08,128.168,128168,00:02:08:04,0:00:00,0.182,182,00:00:00:04,,,,wi:,wi:,wi:,there.is,there.is,,,,,,
0:02:08,128.168,128168,00:02:08:04,0:02:08,128.35,128350,00:02:08:08,0:00:00,0.182,182,00:00:00:04,,,,xaj....,#N/A,#N/A,#N/A,#N/A,#N/A,,,,,
0:02:08,128.35,128350,00:02:08:08,0:02:12,132.053,132053,00:02:12:01,0:00:04,3.703,3703,00:00:03:17,ESP,Wi: n ti: n pala xamaqo:'yi laqsqatá:n pus lu:ma:tsi'tsi:nani xa iyma: n taxa:'k.,Hay niños que llegan a tocar al taxa:'k pero esta hierba es muy dañina.,,,,,,,,,,,
0:02:08,128.35,128350,00:02:08:08,0:02:09,128.634,128634,00:02:08:15,0:00:00,0.284,284,00:00:00:07,,,,wi:,wi:,wi:,there.is,there.is,,,,,,
0:02:09,128.634,128634,00:02:08:15,0:02:09,128.919,128919,00:02:08:22,0:00:00,0.285,285,00:00:00:07,,,,n,n,n,EPEN,EPEN,,,,,,
0:02:09,128.919,128919,00:02:08:22,0:02:09,129.204,129204,00:02:09:05,0:00:00,0.285,285,00:00:00:07,,,,ti:,ti:,ti:,HREL,HREL,,,,,,
0:02:09,129.204,129204,00:02:09:05,0:02:09,129.489,129489,00:02:09:12,0:00:00,0.285,285,00:00:00:07,,,,n,n,n,EPEN,EPEN,,,,,,
0:02:09,129.489,129489,00:02:09:12,0:02:10,129.774,129774,00:02:09:19,0:00:00,0.285,285,00:00:00:07,,,,pala,pala,pala,CONJ,CONJ,,,,,,
0:02:10,129.774,129774,00:02:09:19,0:02:10,130.059,130059,00:02:10:01,0:00:00,0.285,285,00:00:00:07,,,,xamaqo:'yi,xama-qo:'-y-i,xama-qo:'-a:',V.touch-3PL-IPFV-JNCT [PRES],V.touch-3PL-IPFV [PRES],,,,,,
0:02:10,130.059,130059,00:02:10:01,0:02:10,130.343,130343,00:02:10:08,0:00:00,0.284,284,00:00:00:07,,,,laqsqatá:n,laq-sqatá-:n,laq-sqata'-an,PL-baby-PL,PL-baby-PL,Need to determine plural suffix,,,,,
0:02:10,130.343,130343,00:02:10:08,0:02:11,130.628,130628,00:02:10:15,0:00:00,0.285,285,00:00:00:07,,,,pus,pus,pus,INTJ,INTJ,,,,,,
0:02:11,130.628,130628,00:02:10:15,0:02:11,130.913,130913,00:02:10:22,0:00:00,0.285,285,00:00:00:07,,,,lu:ma:tsi'tsi:nani,lu:-ma:-tsi'tsi:-nan-i,lu:-ma:-tsi'tsi:-nan,INTNS-CAUS-V.pimple-ANTIP-JNCT [3SBJ.SG PRES],INTNS-CAUS-V.pimple-ANTIP [3SBJ.SG PRES],,,,,,
0:02:11,130.913,130913,00:02:10:22,0:02:11,131.198,131198,00:02:11:04,0:00:00,0.285,285,00:00:00:07,,,,xa,xa,xa',PRN.3SBJ.SG,PRN.3SBJ.SG,,,,,,
0:02:11,131.198,131198,00:02:11:04,0:02:11,131.483,131483,00:02:11:12,0:00:00,0.285,285,00:00:00:07,,,,iyma:,iyma:,iyma:,DEM,DEM,,,,,,
0:02:11,131.483,131483,00:02:11:12,0:02:12,131.768,131768,00:02:11:19,0:00:00,0.285,285,00:00:00:07,,,,n,n,n,EPEN,EPEN,,,,,,
0:02:12,131.768,131768,00:02:11:19,0:02:12,132.053,132053,00:02:12:01,0:00:00,0.285,285,00:00:00:07,,,,taxa:'k,taxa:'k,taxa:'k,Toxicodendron.radicans,Toxicodendron.radicans,,,,,,
0:02:12,132.053,132053,00:02:12:01,0:02:17,137.132,137132,00:02:17:03,0:00:05,5.079,5079,00:00:05:01,ESP,Wa: iyma: kiti n kiwanikán Epifania Sáhinos Pérez.,Yo me llamo Epifania Sáhinos Pérez.,,,,,,,,,,,
0:02:12,132.053,132053,00:02:12:01,0:02:13,132.687,132687,00:02:12:17,0:00:01,0.634,634,00:00:00:15,,,,wa:,wa:,wa:,FOC,FOC,,,,,,
0:02:13,132.687,132687,00:02:12:17,0:02:13,133.322,133322,00:02:13:08,0:00:01,0.635,635,00:00:00:15,,,,iyma:,iyma:,iyma:,DEM,DEM,,,,,,
0:02:13,133.322,133322,00:02:13:08,0:02:14,133.957,133957,00:02:13:23,0:00:01,0.635,635,00:00:00:15,,,,kiti,kit-i,kit,PRN.1SBJ.SG-JNCT,PRN.1SBJ.SG,,,,,,
0:02:14,133.957,133957,00:02:13:23,0:02:15,134.592,134592,00:02:14:14,0:00:01,0.635,635,00:00:00:15,,,,n,n,n,EPEN,EPEN,,,,,,
0:02:15,134.592,134592,00:02:14:14,0:02:15,135.227,135227,00:02:15:05,0:00:01,0.635,635,00:00:00:15,,,,kiwanikán,ki-wa-ni-kán,ki-wan-ni-kan,1OBJ-V.say-DAT-REFL,1OBJ-V.say-DAT-REFL,,,,,,
0:02:15,135.227,135227,00:02:15:05,0:02:16,135.862,135862,00:02:15:21,0:00:01,0.635,635,00:00:00:15,,,,Epifania,Epifania,Epifania,Epifania,Epifania,,,,,,
0:02:16,135.862,135862,00:02:15:21,0:02:16,136.497,136497,00:02:16:12,0:00:01,0.635,635,00:00:00:15,,,,Sáhinos,Sáhinos,Sáhinos,Sáhinos,Sáhinos,,,,,,
0:02:16,136.497,136497,00:02:16:12,0:02:17,137.132,137132,00:02:17:03,0:00:01,0.635,635,00:00:00:15,,,,Pérez,Pérez,Pérez,Pérez,Pérez,,,,,,